Rebind journal /tmp/hive-astra-7718/20261008-astra-7718/reset-cases/success-healthy.jsonl line 4: unterminated (torn) last line
Rebind journal /tmp/hive-astra-7718/20261008-astra-7718/reset-cases/success-healthy.jsonl is FENCED (corrupt): line 4: unterminated (torn) last line; no journaled rebind is replayed -- journal unhealthy, rebinds refused until an operator inspects it and calls clear_journal_fence()
Rebind journal /tmp/hive-astra-7718/20261008-astra-7718/reset-cases/success-markers.jsonl line 4: unterminated (torn) last line
Rebind journal /tmp/hive-astra-7718/20261008-astra-7718/reset-cases/success-markers.jsonl is FENCED (corrupt): line 4: unterminated (torn) last line; no journaled rebind is replayed -- journal unhealthy, rebinds refused until an operator inspects it and calls clear_journal_fence()
Rebind journal /tmp/hive-astra-7718/20261008-astra-7718/reset-cases/success-markers.jsonl is FENCED (legacy): pre-v5 rebind journal artifact(s) present: /tmp/hive-astra-7718/20261008-astra-7718/reset-cases/success-markers.jsonl.fence; /tmp/hive-astra-7718/20261008-astra-7718/reset-cases/success-markers.jsonl.fence.tmp. MIGRATION: nothing in them is replayed and new rebinds are refused. Inspect them, then call clear_journal_fence(actor=..., reason=...) -- it archives the old journal byte-for-byte, moves old fence files aside and starts a new v5 journal -- and re-issue each rebind still wanted with rebind_plan_owner() -- journal unhealthy, rebinds refused until an operator inspects it and calls clear_journal_fence()
Rebind journal /tmp/hive-astra-7718/20261008-astra-7718/reset-cases/success-corrupt.jsonl line 4: unterminated (torn) last line
Rebind journal /tmp/hive-astra-7718/20261008-astra-7718/reset-cases/success-corrupt.jsonl is FENCED (corrupt): line 4: unterminated (torn) last line; no journaled rebind is replayed -- journal unhealthy, rebinds refused until an operator inspects it and calls clear_journal_fence()
Rebind journal /tmp/hive-astra-7718/20261008-astra-7718/reset-cases/success-corrupt.jsonl line 4: unterminated (torn) last line
Rebind journal /tmp/hive-astra-7718/20261008-astra-7718/reset-cases/success-corrupt.jsonl is FENCED (corrupt): line 4: unterminated (torn) last line; no journaled rebind is replayed -- journal unhealthy, rebinds refused until an operator inspects it and calls clear_journal_fence()
Rebind journal /tmp/hive-astra-7718/20261008-astra-7718/reset-cases/success-legacy.jsonl line 4: unterminated (torn) last line
Rebind journal /tmp/hive-astra-7718/20261008-astra-7718/reset-cases/success-legacy.jsonl is FENCED (corrupt): line 4: unterminated (torn) last line; no journaled rebind is replayed -- journal unhealthy, rebinds refused until an operator inspects it and calls clear_journal_fence()
Rebind journal /tmp/hive-astra-7718/20261008-astra-7718/reset-cases/success-legacy.jsonl is FENCED (legacy): pre-v5 rebind journal artifact(s) present: /tmp/hive-astra-7718/20261008-astra-7718/reset-cases/success-legacy.jsonl (pre-v5 journal: line 1 is format v3, op 'owner_rebind'). MIGRATION: nothing in them is replayed and new rebinds are refused. Inspect them, then call clear_journal_fence(actor=..., reason=...) -- it archives the old journal byte-for-byte, moves old fence files aside and starts a new v5 journal -- and re-issue each rebind still wanted with rebind_plan_owner() -- journal unhealthy, rebinds refused until an operator inspects it and calls clear_journal_fence()
Rebind journal /tmp/hive-astra-7718/20261008-astra-7718/reset-cases/success-missing_anchor.jsonl line 4: unterminated (torn) last line
Rebind journal /tmp/hive-astra-7718/20261008-astra-7718/reset-cases/success-missing_anchor.jsonl is FENCED (corrupt): line 4: unterminated (torn) last line; no journaled rebind is replayed -- journal unhealthy, rebinds refused until an operator inspects it and calls clear_journal_fence()
Rebind journal /tmp/hive-astra-7718/20261008-astra-7718/reset-cases/success-missing_anchor.jsonl is FENCED (identity): identity anchor /tmp/hive-astra-7718/20261008-astra-7718/reset-cases/success-missing_anchor.jsonl.id is missing for journal 2dff0045a2f04f38b164ae78921d7019 (3 record(s)): the anchor is always written before its journal, so it was removed or this journal does not belong here; no journaled rebind is replayed -- journal unhealthy, rebinds refused until an operator inspects it and calls clear_journal_fence()
Rebind journal /tmp/hive-astra-7718/20261008-astra-7718/reset-cases/success-missing_journal.jsonl line 4: unterminated (torn) last line
Rebind journal /tmp/hive-astra-7718/20261008-astra-7718/reset-cases/success-missing_journal.jsonl is FENCED (corrupt): line 4: unterminated (torn) last line; no journaled rebind is replayed -- journal unhealthy, rebinds refused until an operator inspects it and calls clear_journal_fence()
Rebind journal /tmp/hive-astra-7718/20261008-astra-7718/reset-cases/success-missing_journal.jsonl is FENCED (identity): journal is missing but the identity anchor /tmp/hive-astra-7718/20261008-astra-7718/reset-cases/success-missing_journal.jsonl.id names journal fefa65b403d6418f8401f3d05db5f9b4: the journal was removed, or its creation was interrupted after the anchor was written; no journaled rebind is replayed -- journal unhealthy, rebinds refused until an operator inspects it and calls clear_journal_fence()
Rebind journal /tmp/hive-astra-7718/20261008-astra-7718/reset-cases/validation-after_one_event.jsonl line 4: unterminated (torn) last line
Rebind journal /tmp/hive-astra-7718/20261008-astra-7718/reset-cases/validation-after_one_event.jsonl is FENCED (corrupt): line 4: unterminated (torn) last line; no journaled rebind is replayed -- journal unhealthy, rebinds refused until an operator inspects it and calls clear_journal_fence()
Rebind journal /tmp/hive-astra-7718/20261008-astra-7718/reset-cases/validation-after_full_replay.jsonl line 4: unterminated (torn) last line
Rebind journal /tmp/hive-astra-7718/20261008-astra-7718/reset-cases/validation-after_full_replay.jsonl is FENCED (corrupt): line 4: unterminated (torn) last line; no journaled rebind is replayed -- journal unhealthy, rebinds refused until an operator inspects it and calls clear_journal_fence()
Rebind journal /tmp/hive-astra-7718/20261008-astra-7718/reset-cases/validation-blank_actor.jsonl line 4: unterminated (torn) last line
Rebind journal /tmp/hive-astra-7718/20261008-astra-7718/reset-cases/validation-blank_actor.jsonl is FENCED (corrupt): line 4: unterminated (torn) last line; no journaled rebind is replayed -- journal unhealthy, rebinds refused until an operator inspects it and calls clear_journal_fence()
Rebind journal /tmp/hive-astra-7718/20261008-astra-7718/reset-cases/validation-blank_reason.jsonl line 4: unterminated (torn) last line
Rebind journal /tmp/hive-astra-7718/20261008-astra-7718/reset-cases/validation-blank_reason.jsonl is FENCED (corrupt): line 4: unterminated (torn) last line; no journaled rebind is replayed -- journal unhealthy, rebinds refused until an operator inspects it and calls clear_journal_fence()
Rebind journal /tmp/hive-astra-7718/20261008-astra-7718/reset-cases/validation-wrong_actor.jsonl line 4: unterminated (torn) last line
Rebind journal /tmp/hive-astra-7718/20261008-astra-7718/reset-cases/validation-wrong_actor.jsonl is FENCED (corrupt): line 4: unterminated (torn) last line; no journaled rebind is replayed -- journal unhealthy, rebinds refused until an operator inspects it and calls clear_journal_fence()
Rebind journal /tmp/hive-astra-7718/20261008-astra-7718/reset-cases/validation-wrong_reason.jsonl line 4: unterminated (torn) last line
Rebind journal /tmp/hive-astra-7718/20261008-astra-7718/reset-cases/validation-wrong_reason.jsonl is FENCED (corrupt): line 4: unterminated (torn) last line; no journaled rebind is replayed -- journal unhealthy, rebinds refused until an operator inspects it and calls clear_journal_fence()
Rebind journal /tmp/hive-astra-7718/20261008-astra-7718/reset-cases/validation-no_journal.jsonl line 4: unterminated (torn) last line
Rebind journal /tmp/hive-astra-7718/20261008-astra-7718/reset-cases/validation-no_journal.jsonl is FENCED (corrupt): line 4: unterminated (torn) last line; no journaled rebind is replayed -- journal unhealthy, rebinds refused until an operator inspects it and calls clear_journal_fence()
Rebind journal /tmp/hive-astra-7718/20261008-astra-7718/reset-cases/healthy-success.jsonl line 4: unterminated (torn) last line
Rebind journal /tmp/hive-astra-7718/20261008-astra-7718/reset-cases/healthy-success.jsonl is FENCED (corrupt): line 4: unterminated (torn) last line; no journaled rebind is replayed -- journal unhealthy, rebinds refused until an operator inspects it and calls clear_journal_fence()
Rebind journal /tmp/hive-astra-7718/20261008-astra-7718/reset-cases/healthy-0-before-Crash.jsonl line 4: unterminated (torn) last line
Rebind journal /tmp/hive-astra-7718/20261008-astra-7718/reset-cases/healthy-0-before-Crash.jsonl is FENCED (corrupt): line 4: unterminated (torn) last line; no journaled rebind is replayed -- journal unhealthy, rebinds refused until an operator inspects it and calls clear_journal_fence()
Rebind journal /tmp/hive-astra-7718/20261008-astra-7718/reset-cases/healthy-0-before-OSError.jsonl line 4: unterminated (torn) last line
Rebind journal /tmp/hive-astra-7718/20261008-astra-7718/reset-cases/healthy-0-before-OSError.jsonl is FENCED (corrupt): line 4: unterminated (torn) last line; no journaled rebind is replayed -- journal unhealthy, rebinds refused until an operator inspects it and calls clear_journal_fence()
Rebind journal /tmp/hive-astra-7718/20261008-astra-7718/reset-cases/healthy-0-after-Crash.jsonl line 4: unterminated (torn) last line
Rebind journal /tmp/hive-astra-7718/20261008-astra-7718/reset-cases/healthy-0-after-Crash.jsonl is FENCED (corrupt): line 4: unterminated (torn) last line; no journaled rebind is replayed -- journal unhealthy, rebinds refused until an operator inspects it and calls clear_journal_fence()
Rebind journal /tmp/hive-astra-7718/20261008-astra-7718/reset-cases/healthy-0-after-OSError.jsonl line 4: unterminated (torn) last line
Rebind journal /tmp/hive-astra-7718/20261008-astra-7718/reset-cases/healthy-0-after-OSError.jsonl is FENCED (corrupt): line 4: unterminated (torn) last line; no journaled rebind is replayed -- journal unhealthy, rebinds refused until an operator inspects it and calls clear_journal_fence()
Rebind journal /tmp/hive-astra-7718/20261008-astra-7718/reset-cases/healthy-1-before-Crash.jsonl line 4: unterminated (torn) last line
Rebind journal /tmp/hive-astra-7718/20261008-astra-7718/reset-cases/healthy-1-before-Crash.jsonl is FENCED (corrupt): line 4: unterminated (torn) last line; no journaled rebind is replayed -- journal unhealthy, rebinds refused until an operator inspects it and calls clear_journal_fence()
Rebind journal /tmp/hive-astra-7718/20261008-astra-7718/reset-cases/healthy-1-before-OSError.jsonl line 4: unterminated (torn) last line
Rebind journal /tmp/hive-astra-7718/20261008-astra-7718/reset-cases/healthy-1-before-OSError.jsonl is FENCED (corrupt): line 4: unterminated (torn) last line; no journaled rebind is replayed -- journal unhealthy, rebinds refused until an operator inspects it and calls clear_journal_fence()
Rebind journal /tmp/hive-astra-7718/20261008-astra-7718/reset-cases/healthy-1-after-Crash.jsonl line 4: unterminated (torn) last line
Rebind journal /tmp/hive-astra-7718/20261008-astra-7718/reset-cases/healthy-1-after-Crash.jsonl is FENCED (corrupt): line 4: unterminated (torn) last line; no journaled rebind is replayed -- journal unhealthy, rebinds refused until an operator inspects it and calls clear_journal_fence()
Rebind journal /tmp/hive-astra-7718/20261008-astra-7718/reset-cases/healthy-1-after-OSError.jsonl line 4: unterminated (torn) last line
Rebind journal /tmp/hive-astra-7718/20261008-astra-7718/reset-cases/healthy-1-after-OSError.jsonl is FENCED (corrupt): line 4: unterminated (torn) last line; no journaled rebind is replayed -- journal unhealthy, rebinds refused until an operator inspects it and calls clear_journal_fence()
Rebind journal /tmp/hive-astra-7718/20261008-astra-7718/reset-cases/healthy-2-before-Crash.jsonl line 4: unterminated (torn) last line
Rebind journal /tmp/hive-astra-7718/20261008-astra-7718/reset-cases/healthy-2-before-Crash.jsonl is FENCED (corrupt): line 4: unterminated (torn) last line; no journaled rebind is replayed -- journal unhealthy, rebinds refused until an operator inspects it and calls clear_journal_fence()
Rebind journal /tmp/hive-astra-7718/20261008-astra-7718/reset-cases/healthy-2-before-OSError.jsonl line 4: unterminated (torn) last line
Rebind journal /tmp/hive-astra-7718/20261008-astra-7718/reset-cases/healthy-2-before-OSError.jsonl is FENCED (corrupt): line 4: unterminated (torn) last line; no journaled rebind is replayed -- journal unhealthy, rebinds refused until an operator inspects it and calls clear_journal_fence()
Rebind journal /tmp/hive-astra-7718/20261008-astra-7718/reset-cases/healthy-2-after-Crash.jsonl line 4: unterminated (torn) last line
Rebind journal /tmp/hive-astra-7718/20261008-astra-7718/reset-cases/healthy-2-after-Crash.jsonl is FENCED (corrupt): line 4: unterminated (torn) last line; no journaled rebind is replayed -- journal unhealthy, rebinds refused until an operator inspects it and calls clear_journal_fence()
Rebind journal /tmp/hive-astra-7718/20261008-astra-7718/reset-cases/healthy-2-after-OSError.jsonl line 4: unterminated (torn) last line
Rebind journal /tmp/hive-astra-7718/20261008-astra-7718/reset-cases/healthy-2-after-OSError.jsonl is FENCED (corrupt): line 4: unterminated (torn) last line; no journaled rebind is replayed -- journal unhealthy, rebinds refused until an operator inspects it and calls clear_journal_fence()
Rebind journal /tmp/hive-astra-7718/20261008-astra-7718/reset-cases/healthy-3-before-Crash.jsonl line 4: unterminated (torn) last line
Rebind journal /tmp/hive-astra-7718/20261008-astra-7718/reset-cases/healthy-3-before-Crash.jsonl is FENCED (corrupt): line 4: unterminated (torn) last line; no journaled rebind is replayed -- journal unhealthy, rebinds refused until an operator inspects it and calls clear_journal_fence()
Rebind journal /tmp/hive-astra-7718/20261008-astra-7718/reset-cases/healthy-3-before-OSError.jsonl line 4: unterminated (torn) last line
Rebind journal /tmp/hive-astra-7718/20261008-astra-7718/reset-cases/healthy-3-before-OSError.jsonl is FENCED (corrupt): line 4: unterminated (torn) last line; no journaled rebind is replayed -- journal unhealthy, rebinds refused until an operator inspects it and calls clear_journal_fence()
Rebind journal /tmp/hive-astra-7718/20261008-astra-7718/reset-cases/healthy-3-after-Crash.jsonl line 4: unterminated (torn) last line
Rebind journal /tmp/hive-astra-7718/20261008-astra-7718/reset-cases/healthy-3-after-Crash.jsonl is FENCED (corrupt): line 4: unterminated (torn) last line; no journaled rebind is replayed -- journal unhealthy, rebinds refused until an operator inspects it and calls clear_journal_fence()
Rebind journal /tmp/hive-astra-7718/20261008-astra-7718/reset-cases/healthy-3-after-OSError.jsonl line 4: unterminated (torn) last line
Rebind journal /tmp/hive-astra-7718/20261008-astra-7718/reset-cases/healthy-3-after-OSError.jsonl is FENCED (corrupt): line 4: unterminated (torn) last line; no journaled rebind is replayed -- journal unhealthy, rebinds refused until an operator inspects it and calls clear_journal_fence()
Rebind journal /tmp/hive-astra-7718/20261008-astra-7718/reset-cases/healthy-4-before-Crash.jsonl line 4: unterminated (torn) last line
Rebind journal /tmp/hive-astra-7718/20261008-astra-7718/reset-cases/healthy-4-before-Crash.jsonl is FENCED (corrupt): line 4: unterminated (torn) last line; no journaled rebind is replayed -- journal unhealthy, rebinds refused until an operator inspects it and calls clear_journal_fence()
Rebind journal /tmp/hive-astra-7718/20261008-astra-7718/reset-cases/healthy-4-before-OSError.jsonl line 4: unterminated (torn) last line
Rebind journal /tmp/hive-astra-7718/20261008-astra-7718/reset-cases/healthy-4-before-OSError.jsonl is FENCED (corrupt): line 4: unterminated (torn) last line; no journaled rebind is replayed -- journal unhealthy, rebinds refused until an operator inspects it and calls clear_journal_fence()
Rebind journal /tmp/hive-astra-7718/20261008-astra-7718/reset-cases/healthy-4-after-Crash.jsonl line 4: unterminated (torn) last line
Rebind journal /tmp/hive-astra-7718/20261008-astra-7718/reset-cases/healthy-4-after-Crash.jsonl is FENCED (corrupt): line 4: unterminated (torn) last line; no journaled rebind is replayed -- journal unhealthy, rebinds refused until an operator inspects it and calls clear_journal_fence()
Rebind journal /tmp/hive-astra-7718/20261008-astra-7718/reset-cases/healthy-4-after-OSError.jsonl line 4: unterminated (torn) last line
Rebind journal /tmp/hive-astra-7718/20261008-astra-7718/reset-cases/healthy-4-after-OSError.jsonl is FENCED (corrupt): line 4: unterminated (torn) last line; no journaled rebind is replayed -- journal unhealthy, rebinds refused until an operator inspects it and calls clear_journal_fence()
Rebind journal /tmp/hive-astra-7718/20261008-astra-7718/reset-cases/healthy-5-before-Crash.jsonl line 4: unterminated (torn) last line
Rebind journal /tmp/hive-astra-7718/20261008-astra-7718/reset-cases/healthy-5-before-Crash.jsonl is FENCED (corrupt): line 4: unterminated (torn) last line; no journaled rebind is replayed -- journal unhealthy, rebinds refused until an operator inspects it and calls clear_journal_fence()
Rebind journal /tmp/hive-astra-7718/20261008-astra-7718/reset-cases/healthy-5-before-OSError.jsonl line 4: unterminated (torn) last line
Rebind journal /tmp/hive-astra-7718/20261008-astra-7718/reset-cases/healthy-5-before-OSError.jsonl is FENCED (corrupt): line 4: unterminated (torn) last line; no journaled rebind is replayed -- journal unhealthy, rebinds refused until an operator inspects it and calls clear_journal_fence()
Rebind journal /tmp/hive-astra-7718/20261008-astra-7718/reset-cases/healthy-5-after-Crash.jsonl line 4: unterminated (torn) last line
Rebind journal /tmp/hive-astra-7718/20261008-astra-7718/reset-cases/healthy-5-after-Crash.jsonl is FENCED (corrupt): line 4: unterminated (torn) last line; no journaled rebind is replayed -- journal unhealthy, rebinds refused until an operator inspects it and calls clear_journal_fence()
Rebind journal /tmp/hive-astra-7718/20261008-astra-7718/reset-cases/healthy-5-after-OSError.jsonl line 4: unterminated (torn) last line
Rebind journal /tmp/hive-astra-7718/20261008-astra-7718/reset-cases/healthy-5-after-OSError.jsonl is FENCED (corrupt): line 4: unterminated (torn) last line; no journaled rebind is replayed -- journal unhealthy, rebinds refused until an operator inspects it and calls clear_journal_fence()
Rebind journal /tmp/hive-astra-7718/20261008-astra-7718/reset-cases/healthy-6-before-Crash.jsonl line 4: unterminated (torn) last line
Rebind journal /tmp/hive-astra-7718/20261008-astra-7718/reset-cases/healthy-6-before-Crash.jsonl is FENCED (corrupt): line 4: unterminated (torn) last line; no journaled rebind is replayed -- journal unhealthy, rebinds refused until an operator inspects it and calls clear_journal_fence()
Rebind journal /tmp/hive-astra-7718/20261008-astra-7718/reset-cases/healthy-6-before-OSError.jsonl line 4: unterminated (torn) last line
Rebind journal /tmp/hive-astra-7718/20261008-astra-7718/reset-cases/healthy-6-before-OSError.jsonl is FENCED (corrupt): line 4: unterminated (torn) last line; no journaled rebind is replayed -- journal unhealthy, rebinds refused until an operator inspects it and calls clear_journal_fence()
Rebind journal /tmp/hive-astra-7718/20261008-astra-7718/reset-cases/healthy-6-after-Crash.jsonl line 4: unterminated (torn) last line
Rebind journal /tmp/hive-astra-7718/20261008-astra-7718/reset-cases/healthy-6-after-Crash.jsonl is FENCED (corrupt): line 4: unterminated (torn) last line; no journaled rebind is replayed -- journal unhealthy, rebinds refused until an operator inspects it and calls clear_journal_fence()
Rebind journal /tmp/hive-astra-7718/20261008-astra-7718/reset-cases/healthy-6-after-OSError.jsonl line 4: unterminated (torn) last line
Rebind journal /tmp/hive-astra-7718/20261008-astra-7718/reset-cases/healthy-6-after-OSError.jsonl is FENCED (corrupt): line 4: unterminated (torn) last line; no journaled rebind is replayed -- journal unhealthy, rebinds refused until an operator inspects it and calls clear_journal_fence()
Rebind journal /tmp/hive-astra-7718/20261008-astra-7718/reset-cases/healthy-7-before-Crash.jsonl line 4: unterminated (torn) last line
Rebind journal /tmp/hive-astra-7718/20261008-astra-7718/reset-cases/healthy-7-before-Crash.jsonl is FENCED (corrupt): line 4: unterminated (torn) last line; no journaled rebind is replayed -- journal unhealthy, rebinds refused until an operator inspects it and calls clear_journal_fence()
Rebind journal /tmp/hive-astra-7718/20261008-astra-7718/reset-cases/healthy-7-before-OSError.jsonl line 4: unterminated (torn) last line
Rebind journal /tmp/hive-astra-7718/20261008-astra-7718/reset-cases/healthy-7-before-OSError.jsonl is FENCED (corrupt): line 4: unterminated (torn) last line; no journaled rebind is replayed -- journal unhealthy, rebinds refused until an operator inspects it and calls clear_journal_fence()
Rebind journal /tmp/hive-astra-7718/20261008-astra-7718/reset-cases/healthy-7-after-Crash.jsonl line 4: unterminated (torn) last line
Rebind journal /tmp/hive-astra-7718/20261008-astra-7718/reset-cases/healthy-7-after-Crash.jsonl is FENCED (corrupt): line 4: unterminated (torn) last line; no journaled rebind is replayed -- journal unhealthy, rebinds refused until an operator inspects it and calls clear_journal_fence()
Rebind journal /tmp/hive-astra-7718/20261008-astra-7718/reset-cases/healthy-7-after-OSError.jsonl line 4: unterminated (torn) last line
Rebind journal /tmp/hive-astra-7718/20261008-astra-7718/reset-cases/healthy-7-after-OSError.jsonl is FENCED (corrupt): line 4: unterminated (torn) last line; no journaled rebind is replayed -- journal unhealthy, rebinds refused until an operator inspects it and calls clear_journal_fence()
Rebind journal /tmp/hive-astra-7718/20261008-astra-7718/reset-cases/healthy-8-before-Crash.jsonl line 4: unterminated (torn) last line
Rebind journal /tmp/hive-astra-7718/20261008-astra-7718/reset-cases/healthy-8-before-Crash.jsonl is FENCED (corrupt): line 4: unterminated (torn) last line; no journaled rebind is replayed -- journal unhealthy, rebinds refused until an operator inspects it and calls clear_journal_fence()
Rebind journal /tmp/hive-astra-7718/20261008-astra-7718/reset-cases/healthy-8-before-OSError.jsonl line 4: unterminated (torn) last line
Rebind journal /tmp/hive-astra-7718/20261008-astra-7718/reset-cases/healthy-8-before-OSError.jsonl is FENCED (corrupt): line 4: unterminated (torn) last line; no journaled rebind is replayed -- journal unhealthy, rebinds refused until an operator inspects it and calls clear_journal_fence()
Rebind journal /tmp/hive-astra-7718/20261008-astra-7718/reset-cases/healthy-8-after-Crash.jsonl line 4: unterminated (torn) last line
Rebind journal /tmp/hive-astra-7718/20261008-astra-7718/reset-cases/healthy-8-after-Crash.jsonl is FENCED (corrupt): line 4: unterminated (torn) last line; no journaled rebind is replayed -- journal unhealthy, rebinds refused until an operator inspects it and calls clear_journal_fence()
Rebind journal /tmp/hive-astra-7718/20261008-astra-7718/reset-cases/healthy-8-after-OSError.jsonl line 4: unterminated (torn) last line
Rebind journal /tmp/hive-astra-7718/20261008-astra-7718/reset-cases/healthy-8-after-OSError.jsonl is FENCED (corrupt): line 4: unterminated (torn) last line; no journaled rebind is replayed -- journal unhealthy, rebinds refused until an operator inspects it and calls clear_journal_fence()
Rebind journal /tmp/hive-astra-7718/20261008-astra-7718/reset-cases/healthy-9-before-Crash.jsonl line 4: unterminated (torn) last line
Rebind journal /tmp/hive-astra-7718/20261008-astra-7718/reset-cases/healthy-9-before-Crash.jsonl is FENCED (corrupt): line 4: unterminated (torn) last line; no journaled rebind is replayed -- journal unhealthy, rebinds refused until an operator inspects it and calls clear_journal_fence()
Rebind journal /tmp/hive-astra-7718/20261008-astra-7718/reset-cases/healthy-9-before-OSError.jsonl line 4: unterminated (torn) last line
Rebind journal /tmp/hive-astra-7718/20261008-astra-7718/reset-cases/healthy-9-before-OSError.jsonl is FENCED (corrupt): line 4: unterminated (torn) last line; no journaled rebind is replayed -- journal unhealthy, rebinds refused until an operator inspects it and calls clear_journal_fence()
Rebind journal /tmp/hive-astra-7718/20261008-astra-7718/reset-cases/healthy-9-after-Crash.jsonl line 4: unterminated (torn) last line
Rebind journal /tmp/hive-astra-7718/20261008-astra-7718/reset-cases/healthy-9-after-Crash.jsonl is FENCED (corrupt): line 4: unterminated (torn) last line; no journaled rebind is replayed -- journal unhealthy, rebinds refused until an operator inspects it and calls clear_journal_fence()
Rebind journal /tmp/hive-astra-7718/20261008-astra-7718/reset-cases/healthy-9-after-OSError.jsonl line 4: unterminated (torn) last line
Rebind journal /tmp/hive-astra-7718/20261008-astra-7718/reset-cases/healthy-9-after-OSError.jsonl is FENCED (corrupt): line 4: unterminated (torn) last line; no journaled rebind is replayed -- journal unhealthy, rebinds refused until an operator inspects it and calls clear_journal_fence()
Rebind journal /tmp/hive-astra-7718/20261008-astra-7718/reset-cases/healthy-10-before-Crash.jsonl line 4: unterminated (torn) last line
Rebind journal /tmp/hive-astra-7718/20261008-astra-7718/reset-cases/healthy-10-before-Crash.jsonl is FENCED (corrupt): line 4: unterminated (torn) last line; no journaled rebind is replayed -- journal unhealthy, rebinds refused until an operator inspects it and calls clear_journal_fence()
Rebind journal /tmp/hive-astra-7718/20261008-astra-7718/reset-cases/healthy-10-before-OSError.jsonl line 4: unterminated (torn) last line
Rebind journal /tmp/hive-astra-7718/20261008-astra-7718/reset-cases/healthy-10-before-OSError.jsonl is FENCED (corrupt): line 4: unterminated (torn) last line; no journaled rebind is replayed -- journal unhealthy, rebinds refused until an operator inspects it and calls clear_journal_fence()
Rebind journal /tmp/hive-astra-7718/20261008-astra-7718/reset-cases/healthy-10-after-Crash.jsonl line 4: unterminated (torn) last line
Rebind journal /tmp/hive-astra-7718/20261008-astra-7718/reset-cases/healthy-10-after-Crash.jsonl is FENCED (corrupt): line 4: unterminated (torn) last line; no journaled rebind is replayed -- journal unhealthy, rebinds refused until an operator inspects it and calls clear_journal_fence()
Rebind journal /tmp/hive-astra-7718/20261008-astra-7718/reset-cases/healthy-10-after-OSError.jsonl line 4: unterminated (torn) last line
Rebind journal /tmp/hive-astra-7718/20261008-astra-7718/reset-cases/healthy-10-after-OSError.jsonl is FENCED (corrupt): line 4: unterminated (torn) last line; no journaled rebind is replayed -- journal unhealthy, rebinds refused until an operator inspects it and calls clear_journal_fence()
Rebind journal /tmp/hive-astra-7718/20261008-astra-7718/reset-cases/healthy-11-before-Crash.jsonl line 4: unterminated (torn) last line
Rebind journal /tmp/hive-astra-7718/20261008-astra-7718/reset-cases/healthy-11-before-Crash.jsonl is FENCED (corrupt): line 4: unterminated (torn) last line; no journaled rebind is replayed -- journal unhealthy, rebinds refused until an operator inspects it and calls clear_journal_fence()
Rebind journal /tmp/hive-astra-7718/20261008-astra-7718/reset-cases/healthy-11-before-OSError.jsonl line 4: unterminated (torn) last line
Rebind journal /tmp/hive-astra-7718/20261008-astra-7718/reset-cases/healthy-11-before-OSError.jsonl is FENCED (corrupt): line 4: unterminated (torn) last line; no journaled rebind is replayed -- journal unhealthy, rebinds refused until an operator inspects it and calls clear_journal_fence()
Rebind journal /tmp/hive-astra-7718/20261008-astra-7718/reset-cases/healthy-11-after-Crash.jsonl line 4: unterminated (torn) last line
Rebind journal /tmp/hive-astra-7718/20261008-astra-7718/reset-cases/healthy-11-after-Crash.jsonl is FENCED (corrupt): line 4: unterminated (torn) last line; no journaled rebind is replayed -- journal unhealthy, rebinds refused until an operator inspects it and calls clear_journal_fence()
Rebind journal /tmp/hive-astra-7718/20261008-astra-7718/reset-cases/healthy-11-after-OSError.jsonl line 4: unterminated (torn) last line
Rebind journal /tmp/hive-astra-7718/20261008-astra-7718/reset-cases/healthy-11-after-OSError.jsonl is FENCED (corrupt): line 4: unterminated (torn) last line; no journaled rebind is replayed -- journal unhealthy, rebinds refused until an operator inspects it and calls clear_journal_fence()
Rebind journal /tmp/hive-astra-7718/20261008-astra-7718/reset-cases/healthy-12-before-Crash.jsonl line 4: unterminated (torn) last line
Rebind journal /tmp/hive-astra-7718/20261008-astra-7718/reset-cases/healthy-12-before-Crash.jsonl is FENCED (corrupt): line 4: unterminated (torn) last line; no journaled rebind is replayed -- journal unhealthy, rebinds refused until an operator inspects it and calls clear_journal_fence()
Rebind journal /tmp/hive-astra-7718/20261008-astra-7718/reset-cases/healthy-12-before-OSError.jsonl line 4: unterminated (torn) last line
Rebind journal /tmp/hive-astra-7718/20261008-astra-7718/reset-cases/healthy-12-before-OSError.jsonl is FENCED (corrupt): line 4: unterminated (torn) last line; no journaled rebind is replayed -- journal unhealthy, rebinds refused until an operator inspects it and calls clear_journal_fence()
Rebind journal /tmp/hive-astra-7718/20261008-astra-7718/reset-cases/healthy-12-after-Crash.jsonl line 4: unterminated (torn) last line
Rebind journal /tmp/hive-astra-7718/20261008-astra-7718/reset-cases/healthy-12-after-Crash.jsonl is FENCED (corrupt): line 4: unterminated (torn) last line; no journaled rebind is replayed -- journal unhealthy, rebinds refused until an operator inspects it and calls clear_journal_fence()
Rebind journal /tmp/hive-astra-7718/20261008-astra-7718/reset-cases/healthy-12-after-Crash.jsonl is FENCED (identity): journal header id f8d6a0d7ffd34771b12a2032b6bfb210 does not match the identity anchor 9106e0981b774361827469dba8b4aa43 (/tmp/hive-astra-7718/20261008-astra-7718/reset-cases/healthy-12-after-Crash.jsonl.id): an older or archived journal was put in place of the current one; no journaled rebind is replayed -- journal unhealthy, rebinds refused until an operator inspects it and calls clear_journal_fence()
Rebind journal /tmp/hive-astra-7718/20261008-astra-7718/reset-cases/healthy-12-after-Crash.jsonl is FENCED (identity): journal header id f8d6a0d7ffd34771b12a2032b6bfb210 does not match the identity anchor 9106e0981b774361827469dba8b4aa43 (/tmp/hive-astra-7718/20261008-astra-7718/reset-cases/healthy-12-after-Crash.jsonl.id): an older or archived journal was put in place of the current one; no journaled rebind is replayed -- journal unhealthy, rebinds refused until an operator inspects it and calls clear_journal_fence()
Rebind journal /tmp/hive-astra-7718/20261008-astra-7718/reset-cases/healthy-12-after-OSError.jsonl line 4: unterminated (torn) last line
Rebind journal /tmp/hive-astra-7718/20261008-astra-7718/reset-cases/healthy-12-after-OSError.jsonl is FENCED (corrupt): line 4: unterminated (torn) last line; no journaled rebind is replayed -- journal unhealthy, rebinds refused until an operator inspects it and calls clear_journal_fence()
Rebind journal /tmp/hive-astra-7718/20261008-astra-7718/reset-cases/healthy-12-after-OSError.jsonl is FENCED (identity): journal header id f378e1bb75ec413f87e5d27a5546449e does not match the identity anchor d05874a0fba44b74bd387fd22df446a8 (/tmp/hive-astra-7718/20261008-astra-7718/reset-cases/healthy-12-after-OSError.jsonl.id): an older or archived journal was put in place of the current one; no journaled rebind is replayed -- journal unhealthy, rebinds refused until an operator inspects it and calls clear_journal_fence()
Rebind journal /tmp/hive-astra-7718/20261008-astra-7718/reset-cases/healthy-12-after-OSError.jsonl is FENCED (identity): journal header id f378e1bb75ec413f87e5d27a5546449e does not match the identity anchor d05874a0fba44b74bd387fd22df446a8 (/tmp/hive-astra-7718/20261008-astra-7718/reset-cases/healthy-12-after-OSError.jsonl.id): an older or archived journal was put in place of the current one; no journaled rebind is replayed -- journal unhealthy, rebinds refused until an operator inspects it and calls clear_journal_fence()
Rebind journal /tmp/hive-astra-7718/20261008-astra-7718/reset-cases/healthy-13-before-Crash.jsonl line 4: unterminated (torn) last line
Rebind journal /tmp/hive-astra-7718/20261008-astra-7718/reset-cases/healthy-13-before-Crash.jsonl is FENCED (corrupt): line 4: unterminated (torn) last line; no journaled rebind is replayed -- journal unhealthy, rebinds refused until an operator inspects it and calls clear_journal_fence()
Rebind journal /tmp/hive-astra-7718/20261008-astra-7718/reset-cases/healthy-13-before-Crash.jsonl is FENCED (identity): journal header id e77420feb6a34030b2ca540146f4e440 does not match the identity anchor 44883312417949eba4185613f912de3f (/tmp/hive-astra-7718/20261008-astra-7718/reset-cases/healthy-13-before-Crash.jsonl.id): an older or archived journal was put in place of the current one; no journaled rebind is replayed -- journal unhealthy, rebinds refused until an operator inspects it and calls clear_journal_fence()
Rebind journal /tmp/hive-astra-7718/20261008-astra-7718/reset-cases/healthy-13-before-Crash.jsonl is FENCED (identity): journal header id e77420feb6a34030b2ca540146f4e440 does not match the identity anchor 44883312417949eba4185613f912de3f (/tmp/hive-astra-7718/20261008-astra-7718/reset-cases/healthy-13-before-Crash.jsonl.id): an older or archived journal was put in place of the current one; no journaled rebind is replayed -- journal unhealthy, rebinds refused until an operator inspects it and calls clear_journal_fence()
Rebind journal /tmp/hive-astra-7718/20261008-astra-7718/reset-cases/healthy-13-before-OSError.jsonl line 4: unterminated (torn) last line
Rebind journal /tmp/hive-astra-7718/20261008-astra-7718/reset-cases/healthy-13-before-OSError.jsonl is FENCED (corrupt): line 4: unterminated (torn) last line; no journaled rebind is replayed -- journal unhealthy, rebinds refused until an operator inspects it and calls clear_journal_fence()
Rebind journal /tmp/hive-astra-7718/20261008-astra-7718/reset-cases/healthy-13-before-OSError.jsonl is FENCED (identity): journal header id fa3114324b9d4713ba77028991157564 does not match the identity anchor 41348354105b4b35a694c3110251bdda (/tmp/hive-astra-7718/20261008-astra-7718/reset-cases/healthy-13-before-OSError.jsonl.id): an older or archived journal was put in place of the current one; no journaled rebind is replayed -- journal unhealthy, rebinds refused until an operator inspects it and calls clear_journal_fence()
Rebind journal /tmp/hive-astra-7718/20261008-astra-7718/reset-cases/healthy-13-before-OSError.jsonl is FENCED (identity): journal header id fa3114324b9d4713ba77028991157564 does not match the identity anchor 41348354105b4b35a694c3110251bdda (/tmp/hive-astra-7718/20261008-astra-7718/reset-cases/healthy-13-before-OSError.jsonl.id): an older or archived journal was put in place of the current one; no journaled rebind is replayed -- journal unhealthy, rebinds refused until an operator inspects it and calls clear_journal_fence()
Rebind journal /tmp/hive-astra-7718/20261008-astra-7718/reset-cases/healthy-13-after-Crash.jsonl line 4: unterminated (torn) last line
Rebind journal /tmp/hive-astra-7718/20261008-astra-7718/reset-cases/healthy-13-after-Crash.jsonl is FENCED (corrupt): line 4: unterminated (torn) last line; no journaled rebind is replayed -- journal unhealthy, rebinds refused until an operator inspects it and calls clear_journal_fence()
Rebind journal /tmp/hive-astra-7718/20261008-astra-7718/reset-cases/healthy-13-after-Crash.jsonl is FENCED (identity): journal header id 56aacd2a6df14854ab382f59a37dbeda does not match the identity anchor 59e358c9a24c416ba674257e91f0d25e (/tmp/hive-astra-7718/20261008-astra-7718/reset-cases/healthy-13-after-Crash.jsonl.id): an older or archived journal was put in place of the current one; no journaled rebind is replayed -- journal unhealthy, rebinds refused until an operator inspects it and calls clear_journal_fence()
Rebind journal /tmp/hive-astra-7718/20261008-astra-7718/reset-cases/healthy-13-after-Crash.jsonl is FENCED (identity): journal header id 56aacd2a6df14854ab382f59a37dbeda does not match the identity anchor 59e358c9a24c416ba674257e91f0d25e (/tmp/hive-astra-7718/20261008-astra-7718/reset-cases/healthy-13-after-Crash.jsonl.id): an older or archived journal was put in place of the current one; no journaled rebind is replayed -- journal unhealthy, rebinds refused until an operator inspects it and calls clear_journal_fence()
Rebind journal /tmp/hive-astra-7718/20261008-astra-7718/reset-cases/healthy-13-after-OSError.jsonl line 4: unterminated (torn) last line
Rebind journal /tmp/hive-astra-7718/20261008-astra-7718/reset-cases/healthy-13-after-OSError.jsonl is FENCED (corrupt): line 4: unterminated (torn) last line; no journaled rebind is replayed -- journal unhealthy, rebinds refused until an operator inspects it and calls clear_journal_fence()
Rebind journal /tmp/hive-astra-7718/20261008-astra-7718/reset-cases/healthy-13-after-OSError.jsonl is FENCED (identity): journal header id 0b6af70ff83e4c8bbe1ed7ff6d1f3921 does not match the identity anchor efd181b32bae461ca916765aa3777d39 (/tmp/hive-astra-7718/20261008-astra-7718/reset-cases/healthy-13-after-OSError.jsonl.id): an older or archived journal was put in place of the current one; no journaled rebind is replayed -- journal unhealthy, rebinds refused until an operator inspects it and calls clear_journal_fence()
Rebind journal /tmp/hive-astra-7718/20261008-astra-7718/reset-cases/healthy-13-after-OSError.jsonl is FENCED (identity): journal header id 0b6af70ff83e4c8bbe1ed7ff6d1f3921 does not match the identity anchor efd181b32bae461ca916765aa3777d39 (/tmp/hive-astra-7718/20261008-astra-7718/reset-cases/healthy-13-after-OSError.jsonl.id): an older or archived journal was put in place of the current one; no journaled rebind is replayed -- journal unhealthy, rebinds refused until an operator inspects it and calls clear_journal_fence()
Rebind journal /tmp/hive-astra-7718/20261008-astra-7718/reset-cases/healthy-14-before-Crash.jsonl line 4: unterminated (torn) last line
Rebind journal /tmp/hive-astra-7718/20261008-astra-7718/reset-cases/healthy-14-before-Crash.jsonl is FENCED (corrupt): line 4: unterminated (torn) last line; no journaled rebind is replayed -- journal unhealthy, rebinds refused until an operator inspects it and calls clear_journal_fence()
Rebind journal /tmp/hive-astra-7718/20261008-astra-7718/reset-cases/healthy-14-before-Crash.jsonl is FENCED (identity): journal header id fb4a4837fdc64c0e882470c138c1c512 does not match the identity anchor b067acb612c041789963fd8cd3d7aaae (/tmp/hive-astra-7718/20261008-astra-7718/reset-cases/healthy-14-before-Crash.jsonl.id): an older or archived journal was put in place of the current one; no journaled rebind is replayed -- journal unhealthy, rebinds refused until an operator inspects it and calls clear_journal_fence()
Rebind journal /tmp/hive-astra-7718/20261008-astra-7718/reset-cases/healthy-14-before-Crash.jsonl is FENCED (identity): journal header id fb4a4837fdc64c0e882470c138c1c512 does not match the identity anchor b067acb612c041789963fd8cd3d7aaae (/tmp/hive-astra-7718/20261008-astra-7718/reset-cases/healthy-14-before-Crash.jsonl.id): an older or archived journal was put in place of the current one; no journaled rebind is replayed -- journal unhealthy, rebinds refused until an operator inspects it and calls clear_journal_fence()
Rebind journal /tmp/hive-astra-7718/20261008-astra-7718/reset-cases/healthy-14-before-OSError.jsonl line 4: unterminated (torn) last line
Rebind journal /tmp/hive-astra-7718/20261008-astra-7718/reset-cases/healthy-14-before-OSError.jsonl is FENCED (corrupt): line 4: unterminated (torn) last line; no journaled rebind is replayed -- journal unhealthy, rebinds refused until an operator inspects it and calls clear_journal_fence()
Rebind journal /tmp/hive-astra-7718/20261008-astra-7718/reset-cases/healthy-14-before-OSError.jsonl is FENCED (identity): journal header id 9e0b69ca8c0b4df3963476c9195aa1bd does not match the identity anchor bef92d055a99490680eb67038e037a05 (/tmp/hive-astra-7718/20261008-astra-7718/reset-cases/healthy-14-before-OSError.jsonl.id): an older or archived journal was put in place of the current one; no journaled rebind is replayed -- journal unhealthy, rebinds refused until an operator inspects it and calls clear_journal_fence()
Rebind journal /tmp/hive-astra-7718/20261008-astra-7718/reset-cases/healthy-14-before-OSError.jsonl is FENCED (identity): journal header id 9e0b69ca8c0b4df3963476c9195aa1bd does not match the identity anchor bef92d055a99490680eb67038e037a05 (/tmp/hive-astra-7718/20261008-astra-7718/reset-cases/healthy-14-before-OSError.jsonl.id): an older or archived journal was put in place of the current one; no journaled rebind is replayed -- journal unhealthy, rebinds refused until an operator inspects it and calls clear_journal_fence()
Rebind journal /tmp/hive-astra-7718/20261008-astra-7718/reset-cases/healthy-14-after-Crash.jsonl line 4: unterminated (torn) last line
Rebind journal /tmp/hive-astra-7718/20261008-astra-7718/reset-cases/healthy-14-after-Crash.jsonl is FENCED (corrupt): line 4: unterminated (torn) last line; no journaled rebind is replayed -- journal unhealthy, rebinds refused until an operator inspects it and calls clear_journal_fence()
Rebind journal /tmp/hive-astra-7718/20261008-astra-7718/reset-cases/healthy-14-after-Crash.jsonl is FENCED (identity): journal header id d620c459da724894b2586f4e07d5bdf3 does not match the identity anchor ebbd03c543db4ebb87af640c3d704bea (/tmp/hive-astra-7718/20261008-astra-7718/reset-cases/healthy-14-after-Crash.jsonl.id): an older or archived journal was put in place of the current one; no journaled rebind is replayed -- journal unhealthy, rebinds refused until an operator inspects it and calls clear_journal_fence()
Rebind journal /tmp/hive-astra-7718/20261008-astra-7718/reset-cases/healthy-14-after-Crash.jsonl is FENCED (identity): journal header id d620c459da724894b2586f4e07d5bdf3 does not match the identity anchor ebbd03c543db4ebb87af640c3d704bea (/tmp/hive-astra-7718/20261008-astra-7718/reset-cases/healthy-14-after-Crash.jsonl.id): an older or archived journal was put in place of the current one; no journaled rebind is replayed -- journal unhealthy, rebinds refused until an operator inspects it and calls clear_journal_fence()
Rebind journal /tmp/hive-astra-7718/20261008-astra-7718/reset-cases/healthy-14-after-OSError.jsonl line 4: unterminated (torn) last line
Rebind journal /tmp/hive-astra-7718/20261008-astra-7718/reset-cases/healthy-14-after-OSError.jsonl is FENCED (corrupt): line 4: unterminated (torn) last line; no journaled rebind is replayed -- journal unhealthy, rebinds refused until an operator inspects it and calls clear_journal_fence()
Rebind journal /tmp/hive-astra-7718/20261008-astra-7718/reset-cases/healthy-14-after-OSError.jsonl is FENCED (identity): journal header id 322c2606bf8d4fd7bb82290bec74bb4e does not match the identity anchor f3b2e3c73b8a4a86b99b984465155da5 (/tmp/hive-astra-7718/20261008-astra-7718/reset-cases/healthy-14-after-OSError.jsonl.id): an older or archived journal was put in place of the current one; no journaled rebind is replayed -- journal unhealthy, rebinds refused until an operator inspects it and calls clear_journal_fence()
Rebind journal /tmp/hive-astra-7718/20261008-astra-7718/reset-cases/healthy-14-after-OSError.jsonl is FENCED (identity): journal header id 322c2606bf8d4fd7bb82290bec74bb4e does not match the identity anchor f3b2e3c73b8a4a86b99b984465155da5 (/tmp/hive-astra-7718/20261008-astra-7718/reset-cases/healthy-14-after-OSError.jsonl.id): an older or archived journal was put in place of the current one; no journaled rebind is replayed -- journal unhealthy, rebinds refused until an operator inspects it and calls clear_journal_fence()
Rebind journal /tmp/hive-astra-7718/20261008-astra-7718/reset-cases/healthy-15-before-Crash.jsonl line 4: unterminated (torn) last line
Rebind journal /tmp/hive-astra-7718/20261008-astra-7718/reset-cases/healthy-15-before-Crash.jsonl is FENCED (corrupt): line 4: unterminated (torn) last line; no journaled rebind is replayed -- journal unhealthy, rebinds refused until an operator inspects it and calls clear_journal_fence()
Rebind journal /tmp/hive-astra-7718/20261008-astra-7718/reset-cases/healthy-15-before-Crash.jsonl is FENCED (identity): journal header id 6001f6455ca846ef9bbf3715262eab81 does not match the identity anchor 08fd7b674c18431b9ce18148a706eb3e (/tmp/hive-astra-7718/20261008-astra-7718/reset-cases/healthy-15-before-Crash.jsonl.id): an older or archived journal was put in place of the current one; no journaled rebind is replayed -- journal unhealthy, rebinds refused until an operator inspects it and calls clear_journal_fence()
Rebind journal /tmp/hive-astra-7718/20261008-astra-7718/reset-cases/healthy-15-before-Crash.jsonl is FENCED (identity): journal header id 6001f6455ca846ef9bbf3715262eab81 does not match the identity anchor 08fd7b674c18431b9ce18148a706eb3e (/tmp/hive-astra-7718/20261008-astra-7718/reset-cases/healthy-15-before-Crash.jsonl.id): an older or archived journal was put in place of the current one; no journaled rebind is replayed -- journal unhealthy, rebinds refused until an operator inspects it and calls clear_journal_fence()
Rebind journal /tmp/hive-astra-7718/20261008-astra-7718/reset-cases/healthy-15-before-OSError.jsonl line 4: unterminated (torn) last line
Rebind journal /tmp/hive-astra-7718/20261008-astra-7718/reset-cases/healthy-15-before-OSError.jsonl is FENCED (corrupt): line 4: unterminated (torn) last line; no journaled rebind is replayed -- journal unhealthy, rebinds refused until an operator inspects it and calls clear_journal_fence()
Rebind journal /tmp/hive-astra-7718/20261008-astra-7718/reset-cases/healthy-15-before-OSError.jsonl is FENCED (identity): journal header id e79f7536dfe845cca595eb351c7fc46c does not match the identity anchor e74621e4fb9e4c0aa7f505b57c3ab9d8 (/tmp/hive-astra-7718/20261008-astra-7718/reset-cases/healthy-15-before-OSError.jsonl.id): an older or archived journal was put in place of the current one; no journaled rebind is replayed -- journal unhealthy, rebinds refused until an operator inspects it and calls clear_journal_fence()
Rebind journal /tmp/hive-astra-7718/20261008-astra-7718/reset-cases/healthy-15-before-OSError.jsonl is FENCED (identity): journal header id e79f7536dfe845cca595eb351c7fc46c does not match the identity anchor e74621e4fb9e4c0aa7f505b57c3ab9d8 (/tmp/hive-astra-7718/20261008-astra-7718/reset-cases/healthy-15-before-OSError.jsonl.id): an older or archived journal was put in place of the current one; no journaled rebind is replayed -- journal unhealthy, rebinds refused until an operator inspects it and calls clear_journal_fence()
Rebind journal /tmp/hive-astra-7718/20261008-astra-7718/reset-cases/healthy-15-after-Crash.jsonl line 4: unterminated (torn) last line
Rebind journal /tmp/hive-astra-7718/20261008-astra-7718/reset-cases/healthy-15-after-Crash.jsonl is FENCED (corrupt): line 4: unterminated (torn) last line; no journaled rebind is replayed -- journal unhealthy, rebinds refused until an operator inspects it and calls clear_journal_fence()
Rebind journal /tmp/hive-astra-7718/20261008-astra-7718/reset-cases/healthy-15-after-Crash.jsonl is FENCED (identity): journal header id b975cd0ab5d74a80a5632dd91a80f433 does not match the identity anchor 0d30729d3a124a4ea823d8befea88a49 (/tmp/hive-astra-7718/20261008-astra-7718/reset-cases/healthy-15-after-Crash.jsonl.id): an older or archived journal was put in place of the current one; no journaled rebind is replayed -- journal unhealthy, rebinds refused until an operator inspects it and calls clear_journal_fence()
Rebind journal /tmp/hive-astra-7718/20261008-astra-7718/reset-cases/healthy-15-after-Crash.jsonl is FENCED (identity): journal header id b975cd0ab5d74a80a5632dd91a80f433 does not match the identity anchor 0d30729d3a124a4ea823d8befea88a49 (/tmp/hive-astra-7718/20261008-astra-7718/reset-cases/healthy-15-after-Crash.jsonl.id): an older or archived journal was put in place of the current one; no journaled rebind is replayed -- journal unhealthy, rebinds refused until an operator inspects it and calls clear_journal_fence()
Rebind journal /tmp/hive-astra-7718/20261008-astra-7718/reset-cases/healthy-15-after-OSError.jsonl line 4: unterminated (torn) last line
Rebind journal /tmp/hive-astra-7718/20261008-astra-7718/reset-cases/healthy-15-after-OSError.jsonl is FENCED (corrupt): line 4: unterminated (torn) last line; no journaled rebind is replayed -- journal unhealthy, rebinds refused until an operator inspects it and calls clear_journal_fence()
Rebind journal /tmp/hive-astra-7718/20261008-astra-7718/reset-cases/healthy-15-after-OSError.jsonl is FENCED (identity): journal header id 61f4313a26cd4104b6d9799574764202 does not match the identity anchor eee31d53b3d54bed948ea27d2111a6f7 (/tmp/hive-astra-7718/20261008-astra-7718/reset-cases/healthy-15-after-OSError.jsonl.id): an older or archived journal was put in place of the current one; no journaled rebind is replayed -- journal unhealthy, rebinds refused until an operator inspects it and calls clear_journal_fence()
Rebind journal /tmp/hive-astra-7718/20261008-astra-7718/reset-cases/healthy-15-after-OSError.jsonl is FENCED (identity): journal header id 61f4313a26cd4104b6d9799574764202 does not match the identity anchor eee31d53b3d54bed948ea27d2111a6f7 (/tmp/hive-astra-7718/20261008-astra-7718/reset-cases/healthy-15-after-OSError.jsonl.id): an older or archived journal was put in place of the current one; no journaled rebind is replayed -- journal unhealthy, rebinds refused until an operator inspects it and calls clear_journal_fence()
Rebind journal /tmp/hive-astra-7718/20261008-astra-7718/reset-cases/healthy-16-before-Crash.jsonl line 4: unterminated (torn) last line
Rebind journal /tmp/hive-astra-7718/20261008-astra-7718/reset-cases/healthy-16-before-Crash.jsonl is FENCED (corrupt): line 4: unterminated (torn) last line; no journaled rebind is replayed -- journal unhealthy, rebinds refused until an operator inspects it and calls clear_journal_fence()
Rebind journal /tmp/hive-astra-7718/20261008-astra-7718/reset-cases/healthy-16-before-Crash.jsonl is FENCED (identity): journal header id 14ccedaaa50649c898df997fac807d77 does not match the identity anchor 615d03badc6549f880fbf99861927167 (/tmp/hive-astra-7718/20261008-astra-7718/reset-cases/healthy-16-before-Crash.jsonl.id): an older or archived journal was put in place of the current one; no journaled rebind is replayed -- journal unhealthy, rebinds refused until an operator inspects it and calls clear_journal_fence()
Rebind journal /tmp/hive-astra-7718/20261008-astra-7718/reset-cases/healthy-16-before-Crash.jsonl is FENCED (identity): journal header id 14ccedaaa50649c898df997fac807d77 does not match the identity anchor 615d03badc6549f880fbf99861927167 (/tmp/hive-astra-7718/20261008-astra-7718/reset-cases/healthy-16-before-Crash.jsonl.id): an older or archived journal was put in place of the current one; no journaled rebind is replayed -- journal unhealthy, rebinds refused until an operator inspects it and calls clear_journal_fence()
Rebind journal /tmp/hive-astra-7718/20261008-astra-7718/reset-cases/healthy-16-before-OSError.jsonl line 4: unterminated (torn) last line
Rebind journal /tmp/hive-astra-7718/20261008-astra-7718/reset-cases/healthy-16-before-OSError.jsonl is FENCED (corrupt): line 4: unterminated (torn) last line; no journaled rebind is replayed -- journal unhealthy, rebinds refused until an operator inspects it and calls clear_journal_fence()
Rebind journal /tmp/hive-astra-7718/20261008-astra-7718/reset-cases/healthy-16-before-OSError.jsonl is FENCED (identity): journal header id 2d25607e137c4e0d9623e09e4a1f8be8 does not match the identity anchor e5eeec5ae545442a8981650ddcd3fdf1 (/tmp/hive-astra-7718/20261008-astra-7718/reset-cases/healthy-16-before-OSError.jsonl.id): an older or archived journal was put in place of the current one; no journaled rebind is replayed -- journal unhealthy, rebinds refused until an operator inspects it and calls clear_journal_fence()
Rebind journal /tmp/hive-astra-7718/20261008-astra-7718/reset-cases/healthy-16-before-OSError.jsonl is FENCED (identity): journal header id 2d25607e137c4e0d9623e09e4a1f8be8 does not match the identity anchor e5eeec5ae545442a8981650ddcd3fdf1 (/tmp/hive-astra-7718/20261008-astra-7718/reset-cases/healthy-16-before-OSError.jsonl.id): an older or archived journal was put in place of the current one; no journaled rebind is replayed -- journal unhealthy, rebinds refused until an operator inspects it and calls clear_journal_fence()
Rebind journal /tmp/hive-astra-7718/20261008-astra-7718/reset-cases/healthy-16-after-Crash.jsonl line 4: unterminated (torn) last line
Rebind journal /tmp/hive-astra-7718/20261008-astra-7718/reset-cases/healthy-16-after-Crash.jsonl is FENCED (corrupt): line 4: unterminated (torn) last line; no journaled rebind is replayed -- journal unhealthy, rebinds refused until an operator inspects it and calls clear_journal_fence()
Rebind journal /tmp/hive-astra-7718/20261008-astra-7718/reset-cases/healthy-16-after-Crash.jsonl is FENCED (identity): journal header id 22032ccc2f8d40c7966dfd7d9411a8f9 does not match the identity anchor d861f361c9aa46cb93fda215c2189ae1 (/tmp/hive-astra-7718/20261008-astra-7718/reset-cases/healthy-16-after-Crash.jsonl.id): an older or archived journal was put in place of the current one; no journaled rebind is replayed -- journal unhealthy, rebinds refused until an operator inspects it and calls clear_journal_fence()
Rebind journal /tmp/hive-astra-7718/20261008-astra-7718/reset-cases/healthy-16-after-Crash.jsonl is FENCED (identity): journal header id 22032ccc2f8d40c7966dfd7d9411a8f9 does not match the identity anchor d861f361c9aa46cb93fda215c2189ae1 (/tmp/hive-astra-7718/20261008-astra-7718/reset-cases/healthy-16-after-Crash.jsonl.id): an older or archived journal was put in place of the current one; no journaled rebind is replayed -- journal unhealthy, rebinds refused until an operator inspects it and calls clear_journal_fence()
Rebind journal /tmp/hive-astra-7718/20261008-astra-7718/reset-cases/healthy-16-after-OSError.jsonl line 4: unterminated (torn) last line
Rebind journal /tmp/hive-astra-7718/20261008-astra-7718/reset-cases/healthy-16-after-OSError.jsonl is FENCED (corrupt): line 4: unterminated (torn) last line; no journaled rebind is replayed -- journal unhealthy, rebinds refused until an operator inspects it and calls clear_journal_fence()
Rebind journal /tmp/hive-astra-7718/20261008-astra-7718/reset-cases/healthy-16-after-OSError.jsonl is FENCED (identity): journal header id 6a627a74487846e6ad384f91b63f40ba does not match the identity anchor 76c3d369c4b44a219ccb644ba79f4e24 (/tmp/hive-astra-7718/20261008-astra-7718/reset-cases/healthy-16-after-OSError.jsonl.id): an older or archived journal was put in place of the current one; no journaled rebind is replayed -- journal unhealthy, rebinds refused until an operator inspects it and calls clear_journal_fence()
Rebind journal /tmp/hive-astra-7718/20261008-astra-7718/reset-cases/healthy-16-after-OSError.jsonl is FENCED (identity): journal header id 6a627a74487846e6ad384f91b63f40ba does not match the identity anchor 76c3d369c4b44a219ccb644ba79f4e24 (/tmp/hive-astra-7718/20261008-astra-7718/reset-cases/healthy-16-after-OSError.jsonl.id): an older or archived journal was put in place of the current one; no journaled rebind is replayed -- journal unhealthy, rebinds refused until an operator inspects it and calls clear_journal_fence()
Rebind journal /tmp/hive-astra-7718/20261008-astra-7718/reset-cases/healthy-17-before-Crash.jsonl line 4: unterminated (torn) last line
Rebind journal /tmp/hive-astra-7718/20261008-astra-7718/reset-cases/healthy-17-before-Crash.jsonl is FENCED (corrupt): line 4: unterminated (torn) last line; no journaled rebind is replayed -- journal unhealthy, rebinds refused until an operator inspects it and calls clear_journal_fence()
Rebind journal /tmp/hive-astra-7718/20261008-astra-7718/reset-cases/healthy-17-before-Crash.jsonl is FENCED (identity): journal header id f6a83972c1a247fb9ac6d5c2fce16322 does not match the identity anchor bddaa8b1f3de4a3aa42ae020fea78b52 (/tmp/hive-astra-7718/20261008-astra-7718/reset-cases/healthy-17-before-Crash.jsonl.id): an older or archived journal was put in place of the current one; no journaled rebind is replayed -- journal unhealthy, rebinds refused until an operator inspects it and calls clear_journal_fence()
Rebind journal /tmp/hive-astra-7718/20261008-astra-7718/reset-cases/healthy-17-before-Crash.jsonl is FENCED (identity): journal header id f6a83972c1a247fb9ac6d5c2fce16322 does not match the identity anchor bddaa8b1f3de4a3aa42ae020fea78b52 (/tmp/hive-astra-7718/20261008-astra-7718/reset-cases/healthy-17-before-Crash.jsonl.id): an older or archived journal was put in place of the current one; no journaled rebind is replayed -- journal unhealthy, rebinds refused until an operator inspects it and calls clear_journal_fence()
Rebind journal /tmp/hive-astra-7718/20261008-astra-7718/reset-cases/healthy-17-before-OSError.jsonl line 4: unterminated (torn) last line
Rebind journal /tmp/hive-astra-7718/20261008-astra-7718/reset-cases/healthy-17-before-OSError.jsonl is FENCED (corrupt): line 4: unterminated (torn) last line; no journaled rebind is replayed -- journal unhealthy, rebinds refused until an operator inspects it and calls clear_journal_fence()
Rebind journal /tmp/hive-astra-7718/20261008-astra-7718/reset-cases/healthy-17-before-OSError.jsonl is FENCED (identity): journal header id d4de94c5f8c945f8baccdd8bbe06503e does not match the identity anchor 6e5808fbdbcb43ba9ed9d7d677e26398 (/tmp/hive-astra-7718/20261008-astra-7718/reset-cases/healthy-17-before-OSError.jsonl.id): an older or archived journal was put in place of the current one; no journaled rebind is replayed -- journal unhealthy, rebinds refused until an operator inspects it and calls clear_journal_fence()
Rebind journal /tmp/hive-astra-7718/20261008-astra-7718/reset-cases/healthy-17-before-OSError.jsonl is FENCED (identity): journal header id d4de94c5f8c945f8baccdd8bbe06503e does not match the identity anchor 6e5808fbdbcb43ba9ed9d7d677e26398 (/tmp/hive-astra-7718/20261008-astra-7718/reset-cases/healthy-17-before-OSError.jsonl.id): an older or archived journal was put in place of the current one; no journaled rebind is replayed -- journal unhealthy, rebinds refused until an operator inspects it and calls clear_journal_fence()
Rebind journal /tmp/hive-astra-7718/20261008-astra-7718/reset-cases/healthy-17-after-Crash.jsonl line 4: unterminated (torn) last line
Rebind journal /tmp/hive-astra-7718/20261008-astra-7718/reset-cases/healthy-17-after-Crash.jsonl is FENCED (corrupt): line 4: unterminated (torn) last line; no journaled rebind is replayed -- journal unhealthy, rebinds refused until an operator inspects it and calls clear_journal_fence()
Rebind journal /tmp/hive-astra-7718/20261008-astra-7718/reset-cases/healthy-17-after-Crash.jsonl is FENCED (identity): journal header id 375e96e96f434229ba4f0f4fa6b09769 does not match the identity anchor 866c5e69aba74aa280cc2730c17bab56 (/tmp/hive-astra-7718/20261008-astra-7718/reset-cases/healthy-17-after-Crash.jsonl.id): an older or archived journal was put in place of the current one; no journaled rebind is replayed -- journal unhealthy, rebinds refused until an operator inspects it and calls clear_journal_fence()
Rebind journal /tmp/hive-astra-7718/20261008-astra-7718/reset-cases/healthy-17-after-Crash.jsonl is FENCED (identity): journal header id 375e96e96f434229ba4f0f4fa6b09769 does not match the identity anchor 866c5e69aba74aa280cc2730c17bab56 (/tmp/hive-astra-7718/20261008-astra-7718/reset-cases/healthy-17-after-Crash.jsonl.id): an older or archived journal was put in place of the current one; no journaled rebind is replayed -- journal unhealthy, rebinds refused until an operator inspects it and calls clear_journal_fence()
Rebind journal /tmp/hive-astra-7718/20261008-astra-7718/reset-cases/healthy-17-after-OSError.jsonl line 4: unterminated (torn) last line
Rebind journal /tmp/hive-astra-7718/20261008-astra-7718/reset-cases/healthy-17-after-OSError.jsonl is FENCED (corrupt): line 4: unterminated (torn) last line; no journaled rebind is replayed -- journal unhealthy, rebinds refused until an operator inspects it and calls clear_journal_fence()
Rebind journal /tmp/hive-astra-7718/20261008-astra-7718/reset-cases/healthy-17-after-OSError.jsonl is FENCED (identity): journal header id f9defeea83ae46a8b80470293f322b7a does not match the identity anchor 6d4170ca9967460696a250ae0f721ee0 (/tmp/hive-astra-7718/20261008-astra-7718/reset-cases/healthy-17-after-OSError.jsonl.id): an older or archived journal was put in place of the current one; no journaled rebind is replayed -- journal unhealthy, rebinds refused until an operator inspects it and calls clear_journal_fence()
Rebind journal /tmp/hive-astra-7718/20261008-astra-7718/reset-cases/healthy-17-after-OSError.jsonl is FENCED (identity): journal header id f9defeea83ae46a8b80470293f322b7a does not match the identity anchor 6d4170ca9967460696a250ae0f721ee0 (/tmp/hive-astra-7718/20261008-astra-7718/reset-cases/healthy-17-after-OSError.jsonl.id): an older or archived journal was put in place of the current one; no journaled rebind is replayed -- journal unhealthy, rebinds refused until an operator inspects it and calls clear_journal_fence()
Rebind journal /tmp/hive-astra-7718/20261008-astra-7718/reset-cases/healthy-18-before-Crash.jsonl line 4: unterminated (torn) last line
Rebind journal /tmp/hive-astra-7718/20261008-astra-7718/reset-cases/healthy-18-before-Crash.jsonl is FENCED (corrupt): line 4: unterminated (torn) last line; no journaled rebind is replayed -- journal unhealthy, rebinds refused until an operator inspects it and calls clear_journal_fence()
Rebind journal /tmp/hive-astra-7718/20261008-astra-7718/reset-cases/healthy-18-before-Crash.jsonl is FENCED (identity): journal header id aeabad64fbf7427d881297cf721b78cd does not match the identity anchor b85bdf8ba4ba4c00b80c0916bb1cae98 (/tmp/hive-astra-7718/20261008-astra-7718/reset-cases/healthy-18-before-Crash.jsonl.id): an older or archived journal was put in place of the current one; no journaled rebind is replayed -- journal unhealthy, rebinds refused until an operator inspects it and calls clear_journal_fence()
Rebind journal /tmp/hive-astra-7718/20261008-astra-7718/reset-cases/healthy-18-before-Crash.jsonl is FENCED (identity): journal header id aeabad64fbf7427d881297cf721b78cd does not match the identity anchor b85bdf8ba4ba4c00b80c0916bb1cae98 (/tmp/hive-astra-7718/20261008-astra-7718/reset-cases/healthy-18-before-Crash.jsonl.id): an older or archived journal was put in place of the current one; no journaled rebind is replayed -- journal unhealthy, rebinds refused until an operator inspects it and calls clear_journal_fence()
Rebind journal /tmp/hive-astra-7718/20261008-astra-7718/reset-cases/healthy-18-before-OSError.jsonl line 4: unterminated (torn) last line
Rebind journal /tmp/hive-astra-7718/20261008-astra-7718/reset-cases/healthy-18-before-OSError.jsonl is FENCED (corrupt): line 4: unterminated (torn) last line; no journaled rebind is replayed -- journal unhealthy, rebinds refused until an operator inspects it and calls clear_journal_fence()
Rebind journal /tmp/hive-astra-7718/20261008-astra-7718/reset-cases/healthy-18-before-OSError.jsonl is FENCED (identity): journal header id d497ebbb4857454fbe7c01b474efdeae does not match the identity anchor 93e81cfe8613475b88a289b3a633aea8 (/tmp/hive-astra-7718/20261008-astra-7718/reset-cases/healthy-18-before-OSError.jsonl.id): an older or archived journal was put in place of the current one; no journaled rebind is replayed -- journal unhealthy, rebinds refused until an operator inspects it and calls clear_journal_fence()
Rebind journal /tmp/hive-astra-7718/20261008-astra-7718/reset-cases/healthy-18-before-OSError.jsonl is FENCED (identity): journal header id d497ebbb4857454fbe7c01b474efdeae does not match the identity anchor 93e81cfe8613475b88a289b3a633aea8 (/tmp/hive-astra-7718/20261008-astra-7718/reset-cases/healthy-18-before-OSError.jsonl.id): an older or archived journal was put in place of the current one; no journaled rebind is replayed -- journal unhealthy, rebinds refused until an operator inspects it and calls clear_journal_fence()
Rebind journal /tmp/hive-astra-7718/20261008-astra-7718/reset-cases/healthy-18-after-Crash.jsonl line 4: unterminated (torn) last line
Rebind journal /tmp/hive-astra-7718/20261008-astra-7718/reset-cases/healthy-18-after-Crash.jsonl is FENCED (corrupt): line 4: unterminated (torn) last line; no journaled rebind is replayed -- journal unhealthy, rebinds refused until an operator inspects it and calls clear_journal_fence()
Rebind journal /tmp/hive-astra-7718/20261008-astra-7718/reset-cases/healthy-18-after-OSError.jsonl line 4: unterminated (torn) last line
Rebind journal /tmp/hive-astra-7718/20261008-astra-7718/reset-cases/healthy-18-after-OSError.jsonl is FENCED (corrupt): line 4: unterminated (torn) last line; no journaled rebind is replayed -- journal unhealthy, rebinds refused until an operator inspects it and calls clear_journal_fence()
Rebind journal /tmp/hive-astra-7718/20261008-astra-7718/reset-cases/healthy-19-before-Crash.jsonl line 4: unterminated (torn) last line
Rebind journal /tmp/hive-astra-7718/20261008-astra-7718/reset-cases/healthy-19-before-Crash.jsonl is FENCED (corrupt): line 4: unterminated (torn) last line; no journaled rebind is replayed -- journal unhealthy, rebinds refused until an operator inspects it and calls clear_journal_fence()
Rebind journal /tmp/hive-astra-7718/20261008-astra-7718/reset-cases/healthy-19-before-OSError.jsonl line 4: unterminated (torn) last line
Rebind journal /tmp/hive-astra-7718/20261008-astra-7718/reset-cases/healthy-19-before-OSError.jsonl is FENCED (corrupt): line 4: unterminated (torn) last line; no journaled rebind is replayed -- journal unhealthy, rebinds refused until an operator inspects it and calls clear_journal_fence()
Rebind journal /tmp/hive-astra-7718/20261008-astra-7718/reset-cases/healthy-19-after-Crash.jsonl line 4: unterminated (torn) last line
Rebind journal /tmp/hive-astra-7718/20261008-astra-7718/reset-cases/healthy-19-after-Crash.jsonl is FENCED (corrupt): line 4: unterminated (torn) last line; no journaled rebind is replayed -- journal unhealthy, rebinds refused until an operator inspects it and calls clear_journal_fence()
Rebind journal /tmp/hive-astra-7718/20261008-astra-7718/reset-cases/healthy-19-after-OSError.jsonl line 4: unterminated (torn) last line
Rebind journal /tmp/hive-astra-7718/20261008-astra-7718/reset-cases/healthy-19-after-OSError.jsonl is FENCED (corrupt): line 4: unterminated (torn) last line; no journaled rebind is replayed -- journal unhealthy, rebinds refused until an operator inspects it and calls clear_journal_fence()
Rebind journal /tmp/hive-astra-7718/20261008-astra-7718/reset-cases/markers-success.jsonl line 4: unterminated (torn) last line
Rebind journal /tmp/hive-astra-7718/20261008-astra-7718/reset-cases/markers-success.jsonl is FENCED (corrupt): line 4: unterminated (torn) last line; no journaled rebind is replayed -- journal unhealthy, rebinds refused until an operator inspects it and calls clear_journal_fence()
Rebind journal /tmp/hive-astra-7718/20261008-astra-7718/reset-cases/markers-success.jsonl is FENCED (legacy): pre-v5 rebind journal artifact(s) present: /tmp/hive-astra-7718/20261008-astra-7718/reset-cases/markers-success.jsonl.fence; /tmp/hive-astra-7718/20261008-astra-7718/reset-cases/markers-success.jsonl.fence.tmp. MIGRATION: nothing in them is replayed and new rebinds are refused. Inspect them, then call clear_journal_fence(actor=..., reason=...) -- it archives the old journal byte-for-byte, moves old fence files aside and starts a new v5 journal -- and re-issue each rebind still wanted with rebind_plan_owner() -- journal unhealthy, rebinds refused until an operator inspects it and calls clear_journal_fence()
Rebind journal /tmp/hive-astra-7718/20261008-astra-7718/reset-cases/markers-0-before-Crash.jsonl line 4: unterminated (torn) last line
Rebind journal /tmp/hive-astra-7718/20261008-astra-7718/reset-cases/markers-0-before-Crash.jsonl is FENCED (corrupt): line 4: unterminated (torn) last line; no journaled rebind is replayed -- journal unhealthy, rebinds refused until an operator inspects it and calls clear_journal_fence()
Rebind journal /tmp/hive-astra-7718/20261008-astra-7718/reset-cases/markers-0-before-Crash.jsonl is FENCED (legacy): pre-v5 rebind journal artifact(s) present: /tmp/hive-astra-7718/20261008-astra-7718/reset-cases/markers-0-before-Crash.jsonl.fence; /tmp/hive-astra-7718/20261008-astra-7718/reset-cases/markers-0-before-Crash.jsonl.fence.tmp. MIGRATION: nothing in them is replayed and new rebinds are refused. Inspect them, then call clear_journal_fence(actor=..., reason=...) -- it archives the old journal byte-for-byte, moves old fence files aside and starts a new v5 journal -- and re-issue each rebind still wanted with rebind_plan_owner() -- journal unhealthy, rebinds refused until an operator inspects it and calls clear_journal_fence()
Rebind journal /tmp/hive-astra-7718/20261008-astra-7718/reset-cases/markers-0-before-Crash.jsonl is FENCED (legacy): pre-v5 rebind journal artifact(s) present: /tmp/hive-astra-7718/20261008-astra-7718/reset-cases/markers-0-before-Crash.jsonl.fence; /tmp/hive-astra-7718/20261008-astra-7718/reset-cases/markers-0-before-Crash.jsonl.fence.tmp. MIGRATION: nothing in them is replayed and new rebinds are refused. Inspect them, then call clear_journal_fence(actor=..., reason=...) -- it archives the old journal byte-for-byte, moves old fence files aside and starts a new v5 journal -- and re-issue each rebind still wanted with rebind_plan_owner() -- journal unhealthy, rebinds refused until an operator inspects it and calls clear_journal_fence()
Rebind journal /tmp/hive-astra-7718/20261008-astra-7718/reset-cases/markers-0-before-Crash.jsonl is FENCED (legacy): pre-v5 rebind journal artifact(s) present: /tmp/hive-astra-7718/20261008-astra-7718/reset-cases/markers-0-before-Crash.jsonl.fence; /tmp/hive-astra-7718/20261008-astra-7718/reset-cases/markers-0-before-Crash.jsonl.fence.tmp. MIGRATION: nothing in them is replayed and new rebinds are refused. Inspect them, then call clear_journal_fence(actor=..., reason=...) -- it archives the old journal byte-for-byte, moves old fence files aside and starts a new v5 journal -- and re-issue each rebind still wanted with rebind_plan_owner() -- journal unhealthy, rebinds refused until an operator inspects it and calls clear_journal_fence()
Rebind journal /tmp/hive-astra-7718/20261008-astra-7718/reset-cases/markers-0-before-OSError.jsonl line 4: unterminated (torn) last line
Rebind journal /tmp/hive-astra-7718/20261008-astra-7718/reset-cases/markers-0-before-OSError.jsonl is FENCED (corrupt): line 4: unterminated (torn) last line; no journaled rebind is replayed -- journal unhealthy, rebinds refused until an operator inspects it and calls clear_journal_fence()
Rebind journal /tmp/hive-astra-7718/20261008-astra-7718/reset-cases/markers-0-before-OSError.jsonl is FENCED (legacy): pre-v5 rebind journal artifact(s) present: /tmp/hive-astra-7718/20261008-astra-7718/reset-cases/markers-0-before-OSError.jsonl.fence; /tmp/hive-astra-7718/20261008-astra-7718/reset-cases/markers-0-before-OSError.jsonl.fence.tmp. MIGRATION: nothing in them is replayed and new rebinds are refused. Inspect them, then call clear_journal_fence(actor=..., reason=...) -- it archives the old journal byte-for-byte, moves old fence files aside and starts a new v5 journal -- and re-issue each rebind still wanted with rebind_plan_owner() -- journal unhealthy, rebinds refused until an operator inspects it and calls clear_journal_fence()
Rebind journal /tmp/hive-astra-7718/20261008-astra-7718/reset-cases/markers-0-before-OSError.jsonl is FENCED (legacy): pre-v5 rebind journal artifact(s) present: /tmp/hive-astra-7718/20261008-astra-7718/reset-cases/markers-0-before-OSError.jsonl.fence; /tmp/hive-astra-7718/20261008-astra-7718/reset-cases/markers-0-before-OSError.jsonl.fence.tmp. MIGRATION: nothing in them is replayed and new rebinds are refused. Inspect them, then call clear_journal_fence(actor=..., reason=...) -- it archives the old journal byte-for-byte, moves old fence files aside and starts a new v5 journal -- and re-issue each rebind still wanted with rebind_plan_owner() -- journal unhealthy, rebinds refused until an operator inspects it and calls clear_journal_fence()
Rebind journal /tmp/hive-astra-7718/20261008-astra-7718/reset-cases/markers-0-before-OSError.jsonl is FENCED (legacy): pre-v5 rebind journal artifact(s) present: /tmp/hive-astra-7718/20261008-astra-7718/reset-cases/markers-0-before-OSError.jsonl.fence; /tmp/hive-astra-7718/20261008-astra-7718/reset-cases/markers-0-before-OSError.jsonl.fence.tmp. MIGRATION: nothing in them is replayed and new rebinds are refused. Inspect them, then call clear_journal_fence(actor=..., reason=...) -- it archives the old journal byte-for-byte, moves old fence files aside and starts a new v5 journal -- and re-issue each rebind still wanted with rebind_plan_owner() -- journal unhealthy, rebinds refused until an operator inspects it and calls clear_journal_fence()
Rebind journal /tmp/hive-astra-7718/20261008-astra-7718/reset-cases/markers-0-after-Crash.jsonl line 4: unterminated (torn) last line
Rebind journal /tmp/hive-astra-7718/20261008-astra-7718/reset-cases/markers-0-after-Crash.jsonl is FENCED (corrupt): line 4: unterminated (torn) last line; no journaled rebind is replayed -- journal unhealthy, rebinds refused until an operator inspects it and calls clear_journal_fence()
Rebind journal /tmp/hive-astra-7718/20261008-astra-7718/reset-cases/markers-0-after-Crash.jsonl is FENCED (legacy): pre-v5 rebind journal artifact(s) present: /tmp/hive-astra-7718/20261008-astra-7718/reset-cases/markers-0-after-Crash.jsonl.fence; /tmp/hive-astra-7718/20261008-astra-7718/reset-cases/markers-0-after-Crash.jsonl.fence.tmp. MIGRATION: nothing in them is replayed and new rebinds are refused. Inspect them, then call clear_journal_fence(actor=..., reason=...) -- it archives the old journal byte-for-byte, moves old fence files aside and starts a new v5 journal -- and re-issue each rebind still wanted with rebind_plan_owner() -- journal unhealthy, rebinds refused until an operator inspects it and calls clear_journal_fence()
Rebind journal /tmp/hive-astra-7718/20261008-astra-7718/reset-cases/markers-0-after-Crash.jsonl is FENCED (legacy): pre-v5 rebind journal artifact(s) present: /tmp/hive-astra-7718/20261008-astra-7718/reset-cases/markers-0-after-Crash.jsonl.fence; /tmp/hive-astra-7718/20261008-astra-7718/reset-cases/markers-0-after-Crash.jsonl.fence.tmp. MIGRATION: nothing in them is replayed and new rebinds are refused. Inspect them, then call clear_journal_fence(actor=..., reason=...) -- it archives the old journal byte-for-byte, moves old fence files aside and starts a new v5 journal -- and re-issue each rebind still wanted with rebind_plan_owner() -- journal unhealthy, rebinds refused until an operator inspects it and calls clear_journal_fence()
Rebind journal /tmp/hive-astra-7718/20261008-astra-7718/reset-cases/markers-0-after-Crash.jsonl is FENCED (legacy): pre-v5 rebind journal artifact(s) present: /tmp/hive-astra-7718/20261008-astra-7718/reset-cases/markers-0-after-Crash.jsonl.fence; /tmp/hive-astra-7718/20261008-astra-7718/reset-cases/markers-0-after-Crash.jsonl.fence.tmp. MIGRATION: nothing in them is replayed and new rebinds are refused. Inspect them, then call clear_journal_fence(actor=..., reason=...) -- it archives the old journal byte-for-byte, moves old fence files aside and starts a new v5 journal -- and re-issue each rebind still wanted with rebind_plan_owner() -- journal unhealthy, rebinds refused until an operator inspects it and calls clear_journal_fence()
Rebind journal /tmp/hive-astra-7718/20261008-astra-7718/reset-cases/markers-0-after-OSError.jsonl line 4: unterminated (torn) last line
Rebind journal /tmp/hive-astra-7718/20261008-astra-7718/reset-cases/markers-0-after-OSError.jsonl is FENCED (corrupt): line 4: unterminated (torn) last line; no journaled rebind is replayed -- journal unhealthy, rebinds refused until an operator inspects it and calls clear_journal_fence()
Rebind journal /tmp/hive-astra-7718/20261008-astra-7718/reset-cases/markers-0-after-OSError.jsonl is FENCED (legacy): pre-v5 rebind journal artifact(s) present: /tmp/hive-astra-7718/20261008-astra-7718/reset-cases/markers-0-after-OSError.jsonl.fence; /tmp/hive-astra-7718/20261008-astra-7718/reset-cases/markers-0-after-OSError.jsonl.fence.tmp. MIGRATION: nothing in them is replayed and new rebinds are refused. Inspect them, then call clear_journal_fence(actor=..., reason=...) -- it archives the old journal byte-for-byte, moves old fence files aside and starts a new v5 journal -- and re-issue each rebind still wanted with rebind_plan_owner() -- journal unhealthy, rebinds refused until an operator inspects it and calls clear_journal_fence()
Rebind journal /tmp/hive-astra-7718/20261008-astra-7718/reset-cases/markers-0-after-OSError.jsonl is FENCED (legacy): pre-v5 rebind journal artifact(s) present: /tmp/hive-astra-7718/20261008-astra-7718/reset-cases/markers-0-after-OSError.jsonl.fence; /tmp/hive-astra-7718/20261008-astra-7718/reset-cases/markers-0-after-OSError.jsonl.fence.tmp. MIGRATION: nothing in them is replayed and new rebinds are refused. Inspect them, then call clear_journal_fence(actor=..., reason=...) -- it archives the old journal byte-for-byte, moves old fence files aside and starts a new v5 journal -- and re-issue each rebind still wanted with rebind_plan_owner() -- journal unhealthy, rebinds refused until an operator inspects it and calls clear_journal_fence()
Rebind journal /tmp/hive-astra-7718/20261008-astra-7718/reset-cases/markers-0-after-OSError.jsonl is FENCED (legacy): pre-v5 rebind journal artifact(s) present: /tmp/hive-astra-7718/20261008-astra-7718/reset-cases/markers-0-after-OSError.jsonl.fence; /tmp/hive-astra-7718/20261008-astra-7718/reset-cases/markers-0-after-OSError.jsonl.fence.tmp. MIGRATION: nothing in them is replayed and new rebinds are refused. Inspect them, then call clear_journal_fence(actor=..., reason=...) -- it archives the old journal byte-for-byte, moves old fence files aside and starts a new v5 journal -- and re-issue each rebind still wanted with rebind_plan_owner() -- journal unhealthy, rebinds refused until an operator inspects it and calls clear_journal_fence()
Rebind journal /tmp/hive-astra-7718/20261008-astra-7718/reset-cases/markers-1-before-Crash.jsonl line 4: unterminated (torn) last line
Rebind journal /tmp/hive-astra-7718/20261008-astra-7718/reset-cases/markers-1-before-Crash.jsonl is FENCED (corrupt): line 4: unterminated (torn) last line; no journaled rebind is replayed -- journal unhealthy, rebinds refused until an operator inspects it and calls clear_journal_fence()
Rebind journal /tmp/hive-astra-7718/20261008-astra-7718/reset-cases/markers-1-before-Crash.jsonl is FENCED (legacy): pre-v5 rebind journal artifact(s) present: /tmp/hive-astra-7718/20261008-astra-7718/reset-cases/markers-1-before-Crash.jsonl.fence; /tmp/hive-astra-7718/20261008-astra-7718/reset-cases/markers-1-before-Crash.jsonl.fence.tmp. MIGRATION: nothing in them is replayed and new rebinds are refused. Inspect them, then call clear_journal_fence(actor=..., reason=...) -- it archives the old journal byte-for-byte, moves old fence files aside and starts a new v5 journal -- and re-issue each rebind still wanted with rebind_plan_owner() -- journal unhealthy, rebinds refused until an operator inspects it and calls clear_journal_fence()
Rebind journal /tmp/hive-astra-7718/20261008-astra-7718/reset-cases/markers-1-before-Crash.jsonl is FENCED (legacy): pre-v5 rebind journal artifact(s) present: /tmp/hive-astra-7718/20261008-astra-7718/reset-cases/markers-1-before-Crash.jsonl.fence; /tmp/hive-astra-7718/20261008-astra-7718/reset-cases/markers-1-before-Crash.jsonl.fence.tmp. MIGRATION: nothing in them is replayed and new rebinds are refused. Inspect them, then call clear_journal_fence(actor=..., reason=...) -- it archives the old journal byte-for-byte, moves old fence files aside and starts a new v5 journal -- and re-issue each rebind still wanted with rebind_plan_owner() -- journal unhealthy, rebinds refused until an operator inspects it and calls clear_journal_fence()
Rebind journal /tmp/hive-astra-7718/20261008-astra-7718/reset-cases/markers-1-before-Crash.jsonl is FENCED (legacy): pre-v5 rebind journal artifact(s) present: /tmp/hive-astra-7718/20261008-astra-7718/reset-cases/markers-1-before-Crash.jsonl.fence; /tmp/hive-astra-7718/20261008-astra-7718/reset-cases/markers-1-before-Crash.jsonl.fence.tmp. MIGRATION: nothing in them is replayed and new rebinds are refused. Inspect them, then call clear_journal_fence(actor=..., reason=...) -- it archives the old journal byte-for-byte, moves old fence files aside and starts a new v5 journal -- and re-issue each rebind still wanted with rebind_plan_owner() -- journal unhealthy, rebinds refused until an operator inspects it and calls clear_journal_fence()
Rebind journal /tmp/hive-astra-7718/20261008-astra-7718/reset-cases/markers-1-before-OSError.jsonl line 4: unterminated (torn) last line
Rebind journal /tmp/hive-astra-7718/20261008-astra-7718/reset-cases/markers-1-before-OSError.jsonl is FENCED (corrupt): line 4: unterminated (torn) last line; no journaled rebind is replayed -- journal unhealthy, rebinds refused until an operator inspects it and calls clear_journal_fence()
Rebind journal /tmp/hive-astra-7718/20261008-astra-7718/reset-cases/markers-1-before-OSError.jsonl is FENCED (legacy): pre-v5 rebind journal artifact(s) present: /tmp/hive-astra-7718/20261008-astra-7718/reset-cases/markers-1-before-OSError.jsonl.fence; /tmp/hive-astra-7718/20261008-astra-7718/reset-cases/markers-1-before-OSError.jsonl.fence.tmp. MIGRATION: nothing in them is replayed and new rebinds are refused. Inspect them, then call clear_journal_fence(actor=..., reason=...) -- it archives the old journal byte-for-byte, moves old fence files aside and starts a new v5 journal -- and re-issue each rebind still wanted with rebind_plan_owner() -- journal unhealthy, rebinds refused until an operator inspects it and calls clear_journal_fence()
Rebind journal /tmp/hive-astra-7718/20261008-astra-7718/reset-cases/markers-1-before-OSError.jsonl is FENCED (legacy): pre-v5 rebind journal artifact(s) present: /tmp/hive-astra-7718/20261008-astra-7718/reset-cases/markers-1-before-OSError.jsonl.fence; /tmp/hive-astra-7718/20261008-astra-7718/reset-cases/markers-1-before-OSError.jsonl.fence.tmp. MIGRATION: nothing in them is replayed and new rebinds are refused. Inspect them, then call clear_journal_fence(actor=..., reason=...) -- it archives the old journal byte-for-byte, moves old fence files aside and starts a new v5 journal -- and re-issue each rebind still wanted with rebind_plan_owner() -- journal unhealthy, rebinds refused until an operator inspects it and calls clear_journal_fence()
Rebind journal /tmp/hive-astra-7718/20261008-astra-7718/reset-cases/markers-1-before-OSError.jsonl is FENCED (legacy): pre-v5 rebind journal artifact(s) present: /tmp/hive-astra-7718/20261008-astra-7718/reset-cases/markers-1-before-OSError.jsonl.fence; /tmp/hive-astra-7718/20261008-astra-7718/reset-cases/markers-1-before-OSError.jsonl.fence.tmp. MIGRATION: nothing in them is replayed and new rebinds are refused. Inspect them, then call clear_journal_fence(actor=..., reason=...) -- it archives the old journal byte-for-byte, moves old fence files aside and starts a new v5 journal -- and re-issue each rebind still wanted with rebind_plan_owner() -- journal unhealthy, rebinds refused until an operator inspects it and calls clear_journal_fence()
Rebind journal /tmp/hive-astra-7718/20261008-astra-7718/reset-cases/markers-1-after-Crash.jsonl line 4: unterminated (torn) last line
Rebind journal /tmp/hive-astra-7718/20261008-astra-7718/reset-cases/markers-1-after-Crash.jsonl is FENCED (corrupt): line 4: unterminated (torn) last line; no journaled rebind is replayed -- journal unhealthy, rebinds refused until an operator inspects it and calls clear_journal_fence()
Rebind journal /tmp/hive-astra-7718/20261008-astra-7718/reset-cases/markers-1-after-Crash.jsonl is FENCED (legacy): pre-v5 rebind journal artifact(s) present: /tmp/hive-astra-7718/20261008-astra-7718/reset-cases/markers-1-after-Crash.jsonl.fence; /tmp/hive-astra-7718/20261008-astra-7718/reset-cases/markers-1-after-Crash.jsonl.fence.tmp. MIGRATION: nothing in them is replayed and new rebinds are refused. Inspect them, then call clear_journal_fence(actor=..., reason=...) -- it archives the old journal byte-for-byte, moves old fence files aside and starts a new v5 journal -- and re-issue each rebind still wanted with rebind_plan_owner() -- journal unhealthy, rebinds refused until an operator inspects it and calls clear_journal_fence()
Rebind journal /tmp/hive-astra-7718/20261008-astra-7718/reset-cases/markers-1-after-Crash.jsonl is FENCED (legacy): pre-v5 rebind journal artifact(s) present: /tmp/hive-astra-7718/20261008-astra-7718/reset-cases/markers-1-after-Crash.jsonl.fence; /tmp/hive-astra-7718/20261008-astra-7718/reset-cases/markers-1-after-Crash.jsonl.fence.tmp. MIGRATION: nothing in them is replayed and new rebinds are refused. Inspect them, then call clear_journal_fence(actor=..., reason=...) -- it archives the old journal byte-for-byte, moves old fence files aside and starts a new v5 journal -- and re-issue each rebind still wanted with rebind_plan_owner() -- journal unhealthy, rebinds refused until an operator inspects it and calls clear_journal_fence()
Rebind journal /tmp/hive-astra-7718/20261008-astra-7718/reset-cases/markers-1-after-Crash.jsonl is FENCED (legacy): pre-v5 rebind journal artifact(s) present: /tmp/hive-astra-7718/20261008-astra-7718/reset-cases/markers-1-after-Crash.jsonl.fence; /tmp/hive-astra-7718/20261008-astra-7718/reset-cases/markers-1-after-Crash.jsonl.fence.tmp. MIGRATION: nothing in them is replayed and new rebinds are refused. Inspect them, then call clear_journal_fence(actor=..., reason=...) -- it archives the old journal byte-for-byte, moves old fence files aside and starts a new v5 journal -- and re-issue each rebind still wanted with rebind_plan_owner() -- journal unhealthy, rebinds refused until an operator inspects it and calls clear_journal_fence()
Rebind journal /tmp/hive-astra-7718/20261008-astra-7718/reset-cases/markers-1-after-OSError.jsonl line 4: unterminated (torn) last line
Rebind journal /tmp/hive-astra-7718/20261008-astra-7718/reset-cases/markers-1-after-OSError.jsonl is FENCED (corrupt): line 4: unterminated (torn) last line; no journaled rebind is replayed -- journal unhealthy, rebinds refused until an operator inspects it and calls clear_journal_fence()
Rebind journal /tmp/hive-astra-7718/20261008-astra-7718/reset-cases/markers-1-after-OSError.jsonl is FENCED (legacy): pre-v5 rebind journal artifact(s) present: /tmp/hive-astra-7718/20261008-astra-7718/reset-cases/markers-1-after-OSError.jsonl.fence; /tmp/hive-astra-7718/20261008-astra-7718/reset-cases/markers-1-after-OSError.jsonl.fence.tmp. MIGRATION: nothing in them is replayed and new rebinds are refused. Inspect them, then call clear_journal_fence(actor=..., reason=...) -- it archives the old journal byte-for-byte, moves old fence files aside and starts a new v5 journal -- and re-issue each rebind still wanted with rebind_plan_owner() -- journal unhealthy, rebinds refused until an operator inspects it and calls clear_journal_fence()
Rebind journal /tmp/hive-astra-7718/20261008-astra-7718/reset-cases/markers-1-after-OSError.jsonl is FENCED (legacy): pre-v5 rebind journal artifact(s) present: /tmp/hive-astra-7718/20261008-astra-7718/reset-cases/markers-1-after-OSError.jsonl.fence; /tmp/hive-astra-7718/20261008-astra-7718/reset-cases/markers-1-after-OSError.jsonl.fence.tmp. MIGRATION: nothing in them is replayed and new rebinds are refused. Inspect them, then call clear_journal_fence(actor=..., reason=...) -- it archives the old journal byte-for-byte, moves old fence files aside and starts a new v5 journal -- and re-issue each rebind still wanted with rebind_plan_owner() -- journal unhealthy, rebinds refused until an operator inspects it and calls clear_journal_fence()
Rebind journal /tmp/hive-astra-7718/20261008-astra-7718/reset-cases/markers-1-after-OSError.jsonl is FENCED (legacy): pre-v5 rebind journal artifact(s) present: /tmp/hive-astra-7718/20261008-astra-7718/reset-cases/markers-1-after-OSError.jsonl.fence; /tmp/hive-astra-7718/20261008-astra-7718/reset-cases/markers-1-after-OSError.jsonl.fence.tmp. MIGRATION: nothing in them is replayed and new rebinds are refused. Inspect them, then call clear_journal_fence(actor=..., reason=...) -- it archives the old journal byte-for-byte, moves old fence files aside and starts a new v5 journal -- and re-issue each rebind still wanted with rebind_plan_owner() -- journal unhealthy, rebinds refused until an operator inspects it and calls clear_journal_fence()
Rebind journal /tmp/hive-astra-7718/20261008-astra-7718/reset-cases/markers-2-before-Crash.jsonl line 4: unterminated (torn) last line
Rebind journal /tmp/hive-astra-7718/20261008-astra-7718/reset-cases/markers-2-before-Crash.jsonl is FENCED (corrupt): line 4: unterminated (torn) last line; no journaled rebind is replayed -- journal unhealthy, rebinds refused until an operator inspects it and calls clear_journal_fence()
Rebind journal /tmp/hive-astra-7718/20261008-astra-7718/reset-cases/markers-2-before-Crash.jsonl is FENCED (legacy): pre-v5 rebind journal artifact(s) present: /tmp/hive-astra-7718/20261008-astra-7718/reset-cases/markers-2-before-Crash.jsonl.fence; /tmp/hive-astra-7718/20261008-astra-7718/reset-cases/markers-2-before-Crash.jsonl.fence.tmp. MIGRATION: nothing in them is replayed and new rebinds are refused. Inspect them, then call clear_journal_fence(actor=..., reason=...) -- it archives the old journal byte-for-byte, moves old fence files aside and starts a new v5 journal -- and re-issue each rebind still wanted with rebind_plan_owner() -- journal unhealthy, rebinds refused until an operator inspects it and calls clear_journal_fence()
Rebind journal /tmp/hive-astra-7718/20261008-astra-7718/reset-cases/markers-2-before-Crash.jsonl is FENCED (legacy): pre-v5 rebind journal artifact(s) present: /tmp/hive-astra-7718/20261008-astra-7718/reset-cases/markers-2-before-Crash.jsonl.fence; /tmp/hive-astra-7718/20261008-astra-7718/reset-cases/markers-2-before-Crash.jsonl.fence.tmp. MIGRATION: nothing in them is replayed and new rebinds are refused. Inspect them, then call clear_journal_fence(actor=..., reason=...) -- it archives the old journal byte-for-byte, moves old fence files aside and starts a new v5 journal -- and re-issue each rebind still wanted with rebind_plan_owner() -- journal unhealthy, rebinds refused until an operator inspects it and calls clear_journal_fence()
Rebind journal /tmp/hive-astra-7718/20261008-astra-7718/reset-cases/markers-2-before-Crash.jsonl is FENCED (legacy): pre-v5 rebind journal artifact(s) present: /tmp/hive-astra-7718/20261008-astra-7718/reset-cases/markers-2-before-Crash.jsonl.fence; /tmp/hive-astra-7718/20261008-astra-7718/reset-cases/markers-2-before-Crash.jsonl.fence.tmp. MIGRATION: nothing in them is replayed and new rebinds are refused. Inspect them, then call clear_journal_fence(actor=..., reason=...) -- it archives the old journal byte-for-byte, moves old fence files aside and starts a new v5 journal -- and re-issue each rebind still wanted with rebind_plan_owner() -- journal unhealthy, rebinds refused until an operator inspects it and calls clear_journal_fence()
Rebind journal /tmp/hive-astra-7718/20261008-astra-7718/reset-cases/markers-2-before-OSError.jsonl line 4: unterminated (torn) last line
Rebind journal /tmp/hive-astra-7718/20261008-astra-7718/reset-cases/markers-2-before-OSError.jsonl is FENCED (corrupt): line 4: unterminated (torn) last line; no journaled rebind is replayed -- journal unhealthy, rebinds refused until an operator inspects it and calls clear_journal_fence()
Rebind journal /tmp/hive-astra-7718/20261008-astra-7718/reset-cases/markers-2-before-OSError.jsonl is FENCED (legacy): pre-v5 rebind journal artifact(s) present: /tmp/hive-astra-7718/20261008-astra-7718/reset-cases/markers-2-before-OSError.jsonl.fence; /tmp/hive-astra-7718/20261008-astra-7718/reset-cases/markers-2-before-OSError.jsonl.fence.tmp. MIGRATION: nothing in them is replayed and new rebinds are refused. Inspect them, then call clear_journal_fence(actor=..., reason=...) -- it archives the old journal byte-for-byte, moves old fence files aside and starts a new v5 journal -- and re-issue each rebind still wanted with rebind_plan_owner() -- journal unhealthy, rebinds refused until an operator inspects it and calls clear_journal_fence()
Rebind journal /tmp/hive-astra-7718/20261008-astra-7718/reset-cases/markers-2-before-OSError.jsonl is FENCED (legacy): pre-v5 rebind journal artifact(s) present: /tmp/hive-astra-7718/20261008-astra-7718/reset-cases/markers-2-before-OSError.jsonl.fence; /tmp/hive-astra-7718/20261008-astra-7718/reset-cases/markers-2-before-OSError.jsonl.fence.tmp. MIGRATION: nothing in them is replayed and new rebinds are refused. Inspect them, then call clear_journal_fence(actor=..., reason=...) -- it archives the old journal byte-for-byte, moves old fence files aside and starts a new v5 journal -- and re-issue each rebind still wanted with rebind_plan_owner() -- journal unhealthy, rebinds refused until an operator inspects it and calls clear_journal_fence()
Rebind journal /tmp/hive-astra-7718/20261008-astra-7718/reset-cases/markers-2-before-OSError.jsonl is FENCED (legacy): pre-v5 rebind journal artifact(s) present: /tmp/hive-astra-7718/20261008-astra-7718/reset-cases/markers-2-before-OSError.jsonl.fence; /tmp/hive-astra-7718/20261008-astra-7718/reset-cases/markers-2-before-OSError.jsonl.fence.tmp. MIGRATION: nothing in them is replayed and new rebinds are refused. Inspect them, then call clear_journal_fence(actor=..., reason=...) -- it archives the old journal byte-for-byte, moves old fence files aside and starts a new v5 journal -- and re-issue each rebind still wanted with rebind_plan_owner() -- journal unhealthy, rebinds refused until an operator inspects it and calls clear_journal_fence()
Rebind journal /tmp/hive-astra-7718/20261008-astra-7718/reset-cases/markers-2-after-Crash.jsonl line 4: unterminated (torn) last line
Rebind journal /tmp/hive-astra-7718/20261008-astra-7718/reset-cases/markers-2-after-Crash.jsonl is FENCED (corrupt): line 4: unterminated (torn) last line; no journaled rebind is replayed -- journal unhealthy, rebinds refused until an operator inspects it and calls clear_journal_fence()
Rebind journal /tmp/hive-astra-7718/20261008-astra-7718/reset-cases/markers-2-after-Crash.jsonl is FENCED (legacy): pre-v5 rebind journal artifact(s) present: /tmp/hive-astra-7718/20261008-astra-7718/reset-cases/markers-2-after-Crash.jsonl.fence; /tmp/hive-astra-7718/20261008-astra-7718/reset-cases/markers-2-after-Crash.jsonl.fence.tmp. MIGRATION: nothing in them is replayed and new rebinds are refused. Inspect them, then call clear_journal_fence(actor=..., reason=...) -- it archives the old journal byte-for-byte, moves old fence files aside and starts a new v5 journal -- and re-issue each rebind still wanted with rebind_plan_owner() -- journal unhealthy, rebinds refused until an operator inspects it and calls clear_journal_fence()
Rebind journal /tmp/hive-astra-7718/20261008-astra-7718/reset-cases/markers-2-after-Crash.jsonl is FENCED (legacy): pre-v5 rebind journal artifact(s) present: /tmp/hive-astra-7718/20261008-astra-7718/reset-cases/markers-2-after-Crash.jsonl.fence; /tmp/hive-astra-7718/20261008-astra-7718/reset-cases/markers-2-after-Crash.jsonl.fence.tmp. MIGRATION: nothing in them is replayed and new rebinds are refused. Inspect them, then call clear_journal_fence(actor=..., reason=...) -- it archives the old journal byte-for-byte, moves old fence files aside and starts a new v5 journal -- and re-issue each rebind still wanted with rebind_plan_owner() -- journal unhealthy, rebinds refused until an operator inspects it and calls clear_journal_fence()
Rebind journal /tmp/hive-astra-7718/20261008-astra-7718/reset-cases/markers-2-after-Crash.jsonl is FENCED (legacy): pre-v5 rebind journal artifact(s) present: /tmp/hive-astra-7718/20261008-astra-7718/reset-cases/markers-2-after-Crash.jsonl.fence; /tmp/hive-astra-7718/20261008-astra-7718/reset-cases/markers-2-after-Crash.jsonl.fence.tmp. MIGRATION: nothing in them is replayed and new rebinds are refused. Inspect them, then call clear_journal_fence(actor=..., reason=...) -- it archives the old journal byte-for-byte, moves old fence files aside and starts a new v5 journal -- and re-issue each rebind still wanted with rebind_plan_owner() -- journal unhealthy, rebinds refused until an operator inspects it and calls clear_journal_fence()
Rebind journal /tmp/hive-astra-7718/20261008-astra-7718/reset-cases/markers-2-after-OSError.jsonl line 4: unterminated (torn) last line
Rebind journal /tmp/hive-astra-7718/20261008-astra-7718/reset-cases/markers-2-after-OSError.jsonl is FENCED (corrupt): line 4: unterminated (torn) last line; no journaled rebind is replayed -- journal unhealthy, rebinds refused until an operator inspects it and calls clear_journal_fence()
Rebind journal /tmp/hive-astra-7718/20261008-astra-7718/reset-cases/markers-2-after-OSError.jsonl is FENCED (legacy): pre-v5 rebind journal artifact(s) present: /tmp/hive-astra-7718/20261008-astra-7718/reset-cases/markers-2-after-OSError.jsonl.fence; /tmp/hive-astra-7718/20261008-astra-7718/reset-cases/markers-2-after-OSError.jsonl.fence.tmp. MIGRATION: nothing in them is replayed and new rebinds are refused. Inspect them, then call clear_journal_fence(actor=..., reason=...) -- it archives the old journal byte-for-byte, moves old fence files aside and starts a new v5 journal -- and re-issue each rebind still wanted with rebind_plan_owner() -- journal unhealthy, rebinds refused until an operator inspects it and calls clear_journal_fence()
Rebind journal /tmp/hive-astra-7718/20261008-astra-7718/reset-cases/markers-2-after-OSError.jsonl is FENCED (legacy): pre-v5 rebind journal artifact(s) present: /tmp/hive-astra-7718/20261008-astra-7718/reset-cases/markers-2-after-OSError.jsonl.fence; /tmp/hive-astra-7718/20261008-astra-7718/reset-cases/markers-2-after-OSError.jsonl.fence.tmp. MIGRATION: nothing in them is replayed and new rebinds are refused. Inspect them, then call clear_journal_fence(actor=..., reason=...) -- it archives the old journal byte-for-byte, moves old fence files aside and starts a new v5 journal -- and re-issue each rebind still wanted with rebind_plan_owner() -- journal unhealthy, rebinds refused until an operator inspects it and calls clear_journal_fence()
Rebind journal /tmp/hive-astra-7718/20261008-astra-7718/reset-cases/markers-2-after-OSError.jsonl is FENCED (legacy): pre-v5 rebind journal artifact(s) present: /tmp/hive-astra-7718/20261008-astra-7718/reset-cases/markers-2-after-OSError.jsonl.fence; /tmp/hive-astra-7718/20261008-astra-7718/reset-cases/markers-2-after-OSError.jsonl.fence.tmp. MIGRATION: nothing in them is replayed and new rebinds are refused. Inspect them, then call clear_journal_fence(actor=..., reason=...) -- it archives the old journal byte-for-byte, moves old fence files aside and starts a new v5 journal -- and re-issue each rebind still wanted with rebind_plan_owner() -- journal unhealthy, rebinds refused until an operator inspects it and calls clear_journal_fence()
Rebind journal /tmp/hive-astra-7718/20261008-astra-7718/reset-cases/markers-3-before-Crash.jsonl line 4: unterminated (torn) last line
Rebind journal /tmp/hive-astra-7718/20261008-astra-7718/reset-cases/markers-3-before-Crash.jsonl is FENCED (corrupt): line 4: unterminated (torn) last line; no journaled rebind is replayed -- journal unhealthy, rebinds refused until an operator inspects it and calls clear_journal_fence()
Rebind journal /tmp/hive-astra-7718/20261008-astra-7718/reset-cases/markers-3-before-Crash.jsonl is FENCED (legacy): pre-v5 rebind journal artifact(s) present: /tmp/hive-astra-7718/20261008-astra-7718/reset-cases/markers-3-before-Crash.jsonl.fence; /tmp/hive-astra-7718/20261008-astra-7718/reset-cases/markers-3-before-Crash.jsonl.fence.tmp. MIGRATION: nothing in them is replayed and new rebinds are refused. Inspect them, then call clear_journal_fence(actor=..., reason=...) -- it archives the old journal byte-for-byte, moves old fence files aside and starts a new v5 journal -- and re-issue each rebind still wanted with rebind_plan_owner() -- journal unhealthy, rebinds refused until an operator inspects it and calls clear_journal_fence()
Rebind journal /tmp/hive-astra-7718/20261008-astra-7718/reset-cases/markers-3-before-Crash.jsonl is FENCED (legacy): pre-v5 rebind journal artifact(s) present: /tmp/hive-astra-7718/20261008-astra-7718/reset-cases/markers-3-before-Crash.jsonl.fence; /tmp/hive-astra-7718/20261008-astra-7718/reset-cases/markers-3-before-Crash.jsonl.fence.tmp. MIGRATION: nothing in them is replayed and new rebinds are refused. Inspect them, then call clear_journal_fence(actor=..., reason=...) -- it archives the old journal byte-for-byte, moves old fence files aside and starts a new v5 journal -- and re-issue each rebind still wanted with rebind_plan_owner() -- journal unhealthy, rebinds refused until an operator inspects it and calls clear_journal_fence()
Rebind journal /tmp/hive-astra-7718/20261008-astra-7718/reset-cases/markers-3-before-Crash.jsonl is FENCED (legacy): pre-v5 rebind journal artifact(s) present: /tmp/hive-astra-7718/20261008-astra-7718/reset-cases/markers-3-before-Crash.jsonl.fence; /tmp/hive-astra-7718/20261008-astra-7718/reset-cases/markers-3-before-Crash.jsonl.fence.tmp. MIGRATION: nothing in them is replayed and new rebinds are refused. Inspect them, then call clear_journal_fence(actor=..., reason=...) -- it archives the old journal byte-for-byte, moves old fence files aside and starts a new v5 journal -- and re-issue each rebind still wanted with rebind_plan_owner() -- journal unhealthy, rebinds refused until an operator inspects it and calls clear_journal_fence()
Rebind journal /tmp/hive-astra-7718/20261008-astra-7718/reset-cases/markers-3-before-OSError.jsonl line 4: unterminated (torn) last line
Rebind journal /tmp/hive-astra-7718/20261008-astra-7718/reset-cases/markers-3-before-OSError.jsonl is FENCED (corrupt): line 4: unterminated (torn) last line; no journaled rebind is replayed -- journal unhealthy, rebinds refused until an operator inspects it and calls clear_journal_fence()
Rebind journal /tmp/hive-astra-7718/20261008-astra-7718/reset-cases/markers-3-before-OSError.jsonl is FENCED (legacy): pre-v5 rebind journal artifact(s) present: /tmp/hive-astra-7718/20261008-astra-7718/reset-cases/markers-3-before-OSError.jsonl.fence; /tmp/hive-astra-7718/20261008-astra-7718/reset-cases/markers-3-before-OSError.jsonl.fence.tmp. MIGRATION: nothing in them is replayed and new rebinds are refused. Inspect them, then call clear_journal_fence(actor=..., reason=...) -- it archives the old journal byte-for-byte, moves old fence files aside and starts a new v5 journal -- and re-issue each rebind still wanted with rebind_plan_owner() -- journal unhealthy, rebinds refused until an operator inspects it and calls clear_journal_fence()
Rebind journal /tmp/hive-astra-7718/20261008-astra-7718/reset-cases/markers-3-before-OSError.jsonl is FENCED (legacy): pre-v5 rebind journal artifact(s) present: /tmp/hive-astra-7718/20261008-astra-7718/reset-cases/markers-3-before-OSError.jsonl.fence; /tmp/hive-astra-7718/20261008-astra-7718/reset-cases/markers-3-before-OSError.jsonl.fence.tmp. MIGRATION: nothing in them is replayed and new rebinds are refused. Inspect them, then call clear_journal_fence(actor=..., reason=...) -- it archives the old journal byte-for-byte, moves old fence files aside and starts a new v5 journal -- and re-issue each rebind still wanted with rebind_plan_owner() -- journal unhealthy, rebinds refused until an operator inspects it and calls clear_journal_fence()
Rebind journal /tmp/hive-astra-7718/20261008-astra-7718/reset-cases/markers-3-before-OSError.jsonl is FENCED (legacy): pre-v5 rebind journal artifact(s) present: /tmp/hive-astra-7718/20261008-astra-7718/reset-cases/markers-3-before-OSError.jsonl.fence; /tmp/hive-astra-7718/20261008-astra-7718/reset-cases/markers-3-before-OSError.jsonl.fence.tmp. MIGRATION: nothing in them is replayed and new rebinds are refused. Inspect them, then call clear_journal_fence(actor=..., reason=...) -- it archives the old journal byte-for-byte, moves old fence files aside and starts a new v5 journal -- and re-issue each rebind still wanted with rebind_plan_owner() -- journal unhealthy, rebinds refused until an operator inspects it and calls clear_journal_fence()
Rebind journal /tmp/hive-astra-7718/20261008-astra-7718/reset-cases/markers-3-after-Crash.jsonl line 4: unterminated (torn) last line
Rebind journal /tmp/hive-astra-7718/20261008-astra-7718/reset-cases/markers-3-after-Crash.jsonl is FENCED (corrupt): line 4: unterminated (torn) last line; no journaled rebind is replayed -- journal unhealthy, rebinds refused until an operator inspects it and calls clear_journal_fence()
Rebind journal /tmp/hive-astra-7718/20261008-astra-7718/reset-cases/markers-3-after-Crash.jsonl is FENCED (legacy): pre-v5 rebind journal artifact(s) present: /tmp/hive-astra-7718/20261008-astra-7718/reset-cases/markers-3-after-Crash.jsonl.fence; /tmp/hive-astra-7718/20261008-astra-7718/reset-cases/markers-3-after-Crash.jsonl.fence.tmp. MIGRATION: nothing in them is replayed and new rebinds are refused. Inspect them, then call clear_journal_fence(actor=..., reason=...) -- it archives the old journal byte-for-byte, moves old fence files aside and starts a new v5 journal -- and re-issue each rebind still wanted with rebind_plan_owner() -- journal unhealthy, rebinds refused until an operator inspects it and calls clear_journal_fence()
Rebind journal /tmp/hive-astra-7718/20261008-astra-7718/reset-cases/markers-3-after-Crash.jsonl is FENCED (legacy): pre-v5 rebind journal artifact(s) present: /tmp/hive-astra-7718/20261008-astra-7718/reset-cases/markers-3-after-Crash.jsonl.fence; /tmp/hive-astra-7718/20261008-astra-7718/reset-cases/markers-3-after-Crash.jsonl.fence.tmp. MIGRATION: nothing in them is replayed and new rebinds are refused. Inspect them, then call clear_journal_fence(actor=..., reason=...) -- it archives the old journal byte-for-byte, moves old fence files aside and starts a new v5 journal -- and re-issue each rebind still wanted with rebind_plan_owner() -- journal unhealthy, rebinds refused until an operator inspects it and calls clear_journal_fence()
Rebind journal /tmp/hive-astra-7718/20261008-astra-7718/reset-cases/markers-3-after-Crash.jsonl is FENCED (legacy): pre-v5 rebind journal artifact(s) present: /tmp/hive-astra-7718/20261008-astra-7718/reset-cases/markers-3-after-Crash.jsonl.fence; /tmp/hive-astra-7718/20261008-astra-7718/reset-cases/markers-3-after-Crash.jsonl.fence.tmp. MIGRATION: nothing in them is replayed and new rebinds are refused. Inspect them, then call clear_journal_fence(actor=..., reason=...) -- it archives the old journal byte-for-byte, moves old fence files aside and starts a new v5 journal -- and re-issue each rebind still wanted with rebind_plan_owner() -- journal unhealthy, rebinds refused until an operator inspects it and calls clear_journal_fence()
Rebind journal /tmp/hive-astra-7718/20261008-astra-7718/reset-cases/markers-3-after-OSError.jsonl line 4: unterminated (torn) last line
Rebind journal /tmp/hive-astra-7718/20261008-astra-7718/reset-cases/markers-3-after-OSError.jsonl is FENCED (corrupt): line 4: unterminated (torn) last line; no journaled rebind is replayed -- journal unhealthy, rebinds refused until an operator inspects it and calls clear_journal_fence()
Rebind journal /tmp/hive-astra-7718/20261008-astra-7718/reset-cases/markers-3-after-OSError.jsonl is FENCED (legacy): pre-v5 rebind journal artifact(s) present: /tmp/hive-astra-7718/20261008-astra-7718/reset-cases/markers-3-after-OSError.jsonl.fence; /tmp/hive-astra-7718/20261008-astra-7718/reset-cases/markers-3-after-OSError.jsonl.fence.tmp. MIGRATION: nothing in them is replayed and new rebinds are refused. Inspect them, then call clear_journal_fence(actor=..., reason=...) -- it archives the old journal byte-for-byte, moves old fence files aside and starts a new v5 journal -- and re-issue each rebind still wanted with rebind_plan_owner() -- journal unhealthy, rebinds refused until an operator inspects it and calls clear_journal_fence()
Rebind journal /tmp/hive-astra-7718/20261008-astra-7718/reset-cases/markers-3-after-OSError.jsonl is FENCED (legacy): pre-v5 rebind journal artifact(s) present: /tmp/hive-astra-7718/20261008-astra-7718/reset-cases/markers-3-after-OSError.jsonl.fence; /tmp/hive-astra-7718/20261008-astra-7718/reset-cases/markers-3-after-OSError.jsonl.fence.tmp. MIGRATION: nothing in them is replayed and new rebinds are refused. Inspect them, then call clear_journal_fence(actor=..., reason=...) -- it archives the old journal byte-for-byte, moves old fence files aside and starts a new v5 journal -- and re-issue each rebind still wanted with rebind_plan_owner() -- journal unhealthy, rebinds refused until an operator inspects it and calls clear_journal_fence()
Rebind journal /tmp/hive-astra-7718/20261008-astra-7718/reset-cases/markers-3-after-OSError.jsonl is FENCED (legacy): pre-v5 rebind journal artifact(s) present: /tmp/hive-astra-7718/20261008-astra-7718/reset-cases/markers-3-after-OSError.jsonl.fence; /tmp/hive-astra-7718/20261008-astra-7718/reset-cases/markers-3-after-OSError.jsonl.fence.tmp. MIGRATION: nothing in them is replayed and new rebinds are refused. Inspect them, then call clear_journal_fence(actor=..., reason=...) -- it archives the old journal byte-for-byte, moves old fence files aside and starts a new v5 journal -- and re-issue each rebind still wanted with rebind_plan_owner() -- journal unhealthy, rebinds refused until an operator inspects it and calls clear_journal_fence()
Rebind journal /tmp/hive-astra-7718/20261008-astra-7718/reset-cases/markers-4-before-Crash.jsonl line 4: unterminated (torn) last line
Rebind journal /tmp/hive-astra-7718/20261008-astra-7718/reset-cases/markers-4-before-Crash.jsonl is FENCED (corrupt): line 4: unterminated (torn) last line; no journaled rebind is replayed -- journal unhealthy, rebinds refused until an operator inspects it and calls clear_journal_fence()
Rebind journal /tmp/hive-astra-7718/20261008-astra-7718/reset-cases/markers-4-before-Crash.jsonl is FENCED (legacy): pre-v5 rebind journal artifact(s) present: /tmp/hive-astra-7718/20261008-astra-7718/reset-cases/markers-4-before-Crash.jsonl.fence; /tmp/hive-astra-7718/20261008-astra-7718/reset-cases/markers-4-before-Crash.jsonl.fence.tmp. MIGRATION: nothing in them is replayed and new rebinds are refused. Inspect them, then call clear_journal_fence(actor=..., reason=...) -- it archives the old journal byte-for-byte, moves old fence files aside and starts a new v5 journal -- and re-issue each rebind still wanted with rebind_plan_owner() -- journal unhealthy, rebinds refused until an operator inspects it and calls clear_journal_fence()
Rebind journal /tmp/hive-astra-7718/20261008-astra-7718/reset-cases/markers-4-before-Crash.jsonl is FENCED (legacy): pre-v5 rebind journal artifact(s) present: /tmp/hive-astra-7718/20261008-astra-7718/reset-cases/markers-4-before-Crash.jsonl.fence; /tmp/hive-astra-7718/20261008-astra-7718/reset-cases/markers-4-before-Crash.jsonl.fence.tmp. MIGRATION: nothing in them is replayed and new rebinds are refused. Inspect them, then call clear_journal_fence(actor=..., reason=...) -- it archives the old journal byte-for-byte, moves old fence files aside and starts a new v5 journal -- and re-issue each rebind still wanted with rebind_plan_owner() -- journal unhealthy, rebinds refused until an operator inspects it and calls clear_journal_fence()
Rebind journal /tmp/hive-astra-7718/20261008-astra-7718/reset-cases/markers-4-before-Crash.jsonl is FENCED (legacy): pre-v5 rebind journal artifact(s) present: /tmp/hive-astra-7718/20261008-astra-7718/reset-cases/markers-4-before-Crash.jsonl.fence; /tmp/hive-astra-7718/20261008-astra-7718/reset-cases/markers-4-before-Crash.jsonl.fence.tmp. MIGRATION: nothing in them is replayed and new rebinds are refused. Inspect them, then call clear_journal_fence(actor=..., reason=...) -- it archives the old journal byte-for-byte, moves old fence files aside and starts a new v5 journal -- and re-issue each rebind still wanted with rebind_plan_owner() -- journal unhealthy, rebinds refused until an operator inspects it and calls clear_journal_fence()
Rebind journal /tmp/hive-astra-7718/20261008-astra-7718/reset-cases/markers-4-before-OSError.jsonl line 4: unterminated (torn) last line
Rebind journal /tmp/hive-astra-7718/20261008-astra-7718/reset-cases/markers-4-before-OSError.jsonl is FENCED (corrupt): line 4: unterminated (torn) last line; no journaled rebind is replayed -- journal unhealthy, rebinds refused until an operator inspects it and calls clear_journal_fence()
Rebind journal /tmp/hive-astra-7718/20261008-astra-7718/reset-cases/markers-4-before-OSError.jsonl is FENCED (legacy): pre-v5 rebind journal artifact(s) present: /tmp/hive-astra-7718/20261008-astra-7718/reset-cases/markers-4-before-OSError.jsonl.fence; /tmp/hive-astra-7718/20261008-astra-7718/reset-cases/markers-4-before-OSError.jsonl.fence.tmp. MIGRATION: nothing in them is replayed and new rebinds are refused. Inspect them, then call clear_journal_fence(actor=..., reason=...) -- it archives the old journal byte-for-byte, moves old fence files aside and starts a new v5 journal -- and re-issue each rebind still wanted with rebind_plan_owner() -- journal unhealthy, rebinds refused until an operator inspects it and calls clear_journal_fence()
Rebind journal /tmp/hive-astra-7718/20261008-astra-7718/reset-cases/markers-4-before-OSError.jsonl is FENCED (legacy): pre-v5 rebind journal artifact(s) present: /tmp/hive-astra-7718/20261008-astra-7718/reset-cases/markers-4-before-OSError.jsonl.fence; /tmp/hive-astra-7718/20261008-astra-7718/reset-cases/markers-4-before-OSError.jsonl.fence.tmp. MIGRATION: nothing in them is replayed and new rebinds are refused. Inspect them, then call clear_journal_fence(actor=..., reason=...) -- it archives the old journal byte-for-byte, moves old fence files aside and starts a new v5 journal -- and re-issue each rebind still wanted with rebind_plan_owner() -- journal unhealthy, rebinds refused until an operator inspects it and calls clear_journal_fence()
Rebind journal /tmp/hive-astra-7718/20261008-astra-7718/reset-cases/markers-4-before-OSError.jsonl is FENCED (legacy): pre-v5 rebind journal artifact(s) present: /tmp/hive-astra-7718/20261008-astra-7718/reset-cases/markers-4-before-OSError.jsonl.fence; /tmp/hive-astra-7718/20261008-astra-7718/reset-cases/markers-4-before-OSError.jsonl.fence.tmp. MIGRATION: nothing in them is replayed and new rebinds are refused. Inspect them, then call clear_journal_fence(actor=..., reason=...) -- it archives the old journal byte-for-byte, moves old fence files aside and starts a new v5 journal -- and re-issue each rebind still wanted with rebind_plan_owner() -- journal unhealthy, rebinds refused until an operator inspects it and calls clear_journal_fence()
Rebind journal /tmp/hive-astra-7718/20261008-astra-7718/reset-cases/markers-4-after-Crash.jsonl line 4: unterminated (torn) last line
Rebind journal /tmp/hive-astra-7718/20261008-astra-7718/reset-cases/markers-4-after-Crash.jsonl is FENCED (corrupt): line 4: unterminated (torn) last line; no journaled rebind is replayed -- journal unhealthy, rebinds refused until an operator inspects it and calls clear_journal_fence()
Rebind journal /tmp/hive-astra-7718/20261008-astra-7718/reset-cases/markers-4-after-Crash.jsonl is FENCED (legacy): pre-v5 rebind journal artifact(s) present: /tmp/hive-astra-7718/20261008-astra-7718/reset-cases/markers-4-after-Crash.jsonl.fence; /tmp/hive-astra-7718/20261008-astra-7718/reset-cases/markers-4-after-Crash.jsonl.fence.tmp. MIGRATION: nothing in them is replayed and new rebinds are refused. Inspect them, then call clear_journal_fence(actor=..., reason=...) -- it archives the old journal byte-for-byte, moves old fence files aside and starts a new v5 journal -- and re-issue each rebind still wanted with rebind_plan_owner() -- journal unhealthy, rebinds refused until an operator inspects it and calls clear_journal_fence()
Rebind journal /tmp/hive-astra-7718/20261008-astra-7718/reset-cases/markers-4-after-Crash.jsonl is FENCED (legacy): pre-v5 rebind journal artifact(s) present: /tmp/hive-astra-7718/20261008-astra-7718/reset-cases/markers-4-after-Crash.jsonl.fence; /tmp/hive-astra-7718/20261008-astra-7718/reset-cases/markers-4-after-Crash.jsonl.fence.tmp. MIGRATION: nothing in them is replayed and new rebinds are refused. Inspect them, then call clear_journal_fence(actor=..., reason=...) -- it archives the old journal byte-for-byte, moves old fence files aside and starts a new v5 journal -- and re-issue each rebind still wanted with rebind_plan_owner() -- journal unhealthy, rebinds refused until an operator inspects it and calls clear_journal_fence()
Rebind journal /tmp/hive-astra-7718/20261008-astra-7718/reset-cases/markers-4-after-Crash.jsonl is FENCED (legacy): pre-v5 rebind journal artifact(s) present: /tmp/hive-astra-7718/20261008-astra-7718/reset-cases/markers-4-after-Crash.jsonl.fence; /tmp/hive-astra-7718/20261008-astra-7718/reset-cases/markers-4-after-Crash.jsonl.fence.tmp. MIGRATION: nothing in them is replayed and new rebinds are refused. Inspect them, then call clear_journal_fence(actor=..., reason=...) -- it archives the old journal byte-for-byte, moves old fence files aside and starts a new v5 journal -- and re-issue each rebind still wanted with rebind_plan_owner() -- journal unhealthy, rebinds refused until an operator inspects it and calls clear_journal_fence()
Rebind journal /tmp/hive-astra-7718/20261008-astra-7718/reset-cases/markers-4-after-OSError.jsonl line 4: unterminated (torn) last line
Rebind journal /tmp/hive-astra-7718/20261008-astra-7718/reset-cases/markers-4-after-OSError.jsonl is FENCED (corrupt): line 4: unterminated (torn) last line; no journaled rebind is replayed -- journal unhealthy, rebinds refused until an operator inspects it and calls clear_journal_fence()
Rebind journal /tmp/hive-astra-7718/20261008-astra-7718/reset-cases/markers-4-after-OSError.jsonl is FENCED (legacy): pre-v5 rebind journal artifact(s) present: /tmp/hive-astra-7718/20261008-astra-7718/reset-cases/markers-4-after-OSError.jsonl.fence; /tmp/hive-astra-7718/20261008-astra-7718/reset-cases/markers-4-after-OSError.jsonl.fence.tmp. MIGRATION: nothing in them is replayed and new rebinds are refused. Inspect them, then call clear_journal_fence(actor=..., reason=...) -- it archives the old journal byte-for-byte, moves old fence files aside and starts a new v5 journal -- and re-issue each rebind still wanted with rebind_plan_owner() -- journal unhealthy, rebinds refused until an operator inspects it and calls clear_journal_fence()
Rebind journal /tmp/hive-astra-7718/20261008-astra-7718/reset-cases/markers-4-after-OSError.jsonl is FENCED (legacy): pre-v5 rebind journal artifact(s) present: /tmp/hive-astra-7718/20261008-astra-7718/reset-cases/markers-4-after-OSError.jsonl.fence; /tmp/hive-astra-7718/20261008-astra-7718/reset-cases/markers-4-after-OSError.jsonl.fence.tmp. MIGRATION: nothing in them is replayed and new rebinds are refused. Inspect them, then call clear_journal_fence(actor=..., reason=...) -- it archives the old journal byte-for-byte, moves old fence files aside and starts a new v5 journal -- and re-issue each rebind still wanted with rebind_plan_owner() -- journal unhealthy, rebinds refused until an operator inspects it and calls clear_journal_fence()
Rebind journal /tmp/hive-astra-7718/20261008-astra-7718/reset-cases/markers-4-after-OSError.jsonl is FENCED (legacy): pre-v5 rebind journal artifact(s) present: /tmp/hive-astra-7718/20261008-astra-7718/reset-cases/markers-4-after-OSError.jsonl.fence; /tmp/hive-astra-7718/20261008-astra-7718/reset-cases/markers-4-after-OSError.jsonl.fence.tmp. MIGRATION: nothing in them is replayed and new rebinds are refused. Inspect them, then call clear_journal_fence(actor=..., reason=...) -- it archives the old journal byte-for-byte, moves old fence files aside and starts a new v5 journal -- and re-issue each rebind still wanted with rebind_plan_owner() -- journal unhealthy, rebinds refused until an operator inspects it and calls clear_journal_fence()
Rebind journal /tmp/hive-astra-7718/20261008-astra-7718/reset-cases/markers-5-before-Crash.jsonl line 4: unterminated (torn) last line
Rebind journal /tmp/hive-astra-7718/20261008-astra-7718/reset-cases/markers-5-before-Crash.jsonl is FENCED (corrupt): line 4: unterminated (torn) last line; no journaled rebind is replayed -- journal unhealthy, rebinds refused until an operator inspects it and calls clear_journal_fence()
Rebind journal /tmp/hive-astra-7718/20261008-astra-7718/reset-cases/markers-5-before-Crash.jsonl is FENCED (legacy): pre-v5 rebind journal artifact(s) present: /tmp/hive-astra-7718/20261008-astra-7718/reset-cases/markers-5-before-Crash.jsonl.fence; /tmp/hive-astra-7718/20261008-astra-7718/reset-cases/markers-5-before-Crash.jsonl.fence.tmp. MIGRATION: nothing in them is replayed and new rebinds are refused. Inspect them, then call clear_journal_fence(actor=..., reason=...) -- it archives the old journal byte-for-byte, moves old fence files aside and starts a new v5 journal -- and re-issue each rebind still wanted with rebind_plan_owner() -- journal unhealthy, rebinds refused until an operator inspects it and calls clear_journal_fence()
Rebind journal /tmp/hive-astra-7718/20261008-astra-7718/reset-cases/markers-5-before-Crash.jsonl is FENCED (legacy): pre-v5 rebind journal artifact(s) present: /tmp/hive-astra-7718/20261008-astra-7718/reset-cases/markers-5-before-Crash.jsonl.fence; /tmp/hive-astra-7718/20261008-astra-7718/reset-cases/markers-5-before-Crash.jsonl.fence.tmp. MIGRATION: nothing in them is replayed and new rebinds are refused. Inspect them, then call clear_journal_fence(actor=..., reason=...) -- it archives the old journal byte-for-byte, moves old fence files aside and starts a new v5 journal -- and re-issue each rebind still wanted with rebind_plan_owner() -- journal unhealthy, rebinds refused until an operator inspects it and calls clear_journal_fence()
Rebind journal /tmp/hive-astra-7718/20261008-astra-7718/reset-cases/markers-5-before-Crash.jsonl is FENCED (legacy): pre-v5 rebind journal artifact(s) present: /tmp/hive-astra-7718/20261008-astra-7718/reset-cases/markers-5-before-Crash.jsonl.fence; /tmp/hive-astra-7718/20261008-astra-7718/reset-cases/markers-5-before-Crash.jsonl.fence.tmp. MIGRATION: nothing in them is replayed and new rebinds are refused. Inspect them, then call clear_journal_fence(actor=..., reason=...) -- it archives the old journal byte-for-byte, moves old fence files aside and starts a new v5 journal -- and re-issue each rebind still wanted with rebind_plan_owner() -- journal unhealthy, rebinds refused until an operator inspects it and calls clear_journal_fence()
Rebind journal /tmp/hive-astra-7718/20261008-astra-7718/reset-cases/markers-5-before-OSError.jsonl line 4: unterminated (torn) last line
Rebind journal /tmp/hive-astra-7718/20261008-astra-7718/reset-cases/markers-5-before-OSError.jsonl is FENCED (corrupt): line 4: unterminated (torn) last line; no journaled rebind is replayed -- journal unhealthy, rebinds refused until an operator inspects it and calls clear_journal_fence()
Rebind journal /tmp/hive-astra-7718/20261008-astra-7718/reset-cases/markers-5-before-OSError.jsonl is FENCED (legacy): pre-v5 rebind journal artifact(s) present: /tmp/hive-astra-7718/20261008-astra-7718/reset-cases/markers-5-before-OSError.jsonl.fence; /tmp/hive-astra-7718/20261008-astra-7718/reset-cases/markers-5-before-OSError.jsonl.fence.tmp. MIGRATION: nothing in them is replayed and new rebinds are refused. Inspect them, then call clear_journal_fence(actor=..., reason=...) -- it archives the old journal byte-for-byte, moves old fence files aside and starts a new v5 journal -- and re-issue each rebind still wanted with rebind_plan_owner() -- journal unhealthy, rebinds refused until an operator inspects it and calls clear_journal_fence()
Rebind journal /tmp/hive-astra-7718/20261008-astra-7718/reset-cases/markers-5-before-OSError.jsonl is FENCED (legacy): pre-v5 rebind journal artifact(s) present: /tmp/hive-astra-7718/20261008-astra-7718/reset-cases/markers-5-before-OSError.jsonl.fence; /tmp/hive-astra-7718/20261008-astra-7718/reset-cases/markers-5-before-OSError.jsonl.fence.tmp. MIGRATION: nothing in them is replayed and new rebinds are refused. Inspect them, then call clear_journal_fence(actor=..., reason=...) -- it archives the old journal byte-for-byte, moves old fence files aside and starts a new v5 journal -- and re-issue each rebind still wanted with rebind_plan_owner() -- journal unhealthy, rebinds refused until an operator inspects it and calls clear_journal_fence()
Rebind journal /tmp/hive-astra-7718/20261008-astra-7718/reset-cases/markers-5-before-OSError.jsonl is FENCED (legacy): pre-v5 rebind journal artifact(s) present: /tmp/hive-astra-7718/20261008-astra-7718/reset-cases/markers-5-before-OSError.jsonl.fence; /tmp/hive-astra-7718/20261008-astra-7718/reset-cases/markers-5-before-OSError.jsonl.fence.tmp. MIGRATION: nothing in them is replayed and new rebinds are refused. Inspect them, then call clear_journal_fence(actor=..., reason=...) -- it archives the old journal byte-for-byte, moves old fence files aside and starts a new v5 journal -- and re-issue each rebind still wanted with rebind_plan_owner() -- journal unhealthy, rebinds refused until an operator inspects it and calls clear_journal_fence()
Rebind journal /tmp/hive-astra-7718/20261008-astra-7718/reset-cases/markers-5-after-Crash.jsonl line 4: unterminated (torn) last line
Rebind journal /tmp/hive-astra-7718/20261008-astra-7718/reset-cases/markers-5-after-Crash.jsonl is FENCED (corrupt): line 4: unterminated (torn) last line; no journaled rebind is replayed -- journal unhealthy, rebinds refused until an operator inspects it and calls clear_journal_fence()
Rebind journal /tmp/hive-astra-7718/20261008-astra-7718/reset-cases/markers-5-after-Crash.jsonl is FENCED (legacy): pre-v5 rebind journal artifact(s) present: /tmp/hive-astra-7718/20261008-astra-7718/reset-cases/markers-5-after-Crash.jsonl.fence; /tmp/hive-astra-7718/20261008-astra-7718/reset-cases/markers-5-after-Crash.jsonl.fence.tmp. MIGRATION: nothing in them is replayed and new rebinds are refused. Inspect them, then call clear_journal_fence(actor=..., reason=...) -- it archives the old journal byte-for-byte, moves old fence files aside and starts a new v5 journal -- and re-issue each rebind still wanted with rebind_plan_owner() -- journal unhealthy, rebinds refused until an operator inspects it and calls clear_journal_fence()
Rebind journal /tmp/hive-astra-7718/20261008-astra-7718/reset-cases/markers-5-after-Crash.jsonl is FENCED (legacy): pre-v5 rebind journal artifact(s) present: /tmp/hive-astra-7718/20261008-astra-7718/reset-cases/markers-5-after-Crash.jsonl.fence; /tmp/hive-astra-7718/20261008-astra-7718/reset-cases/markers-5-after-Crash.jsonl.fence.tmp. MIGRATION: nothing in them is replayed and new rebinds are refused. Inspect them, then call clear_journal_fence(actor=..., reason=...) -- it archives the old journal byte-for-byte, moves old fence files aside and starts a new v5 journal -- and re-issue each rebind still wanted with rebind_plan_owner() -- journal unhealthy, rebinds refused until an operator inspects it and calls clear_journal_fence()
Rebind journal /tmp/hive-astra-7718/20261008-astra-7718/reset-cases/markers-5-after-Crash.jsonl is FENCED (legacy): pre-v5 rebind journal artifact(s) present: /tmp/hive-astra-7718/20261008-astra-7718/reset-cases/markers-5-after-Crash.jsonl.fence; /tmp/hive-astra-7718/20261008-astra-7718/reset-cases/markers-5-after-Crash.jsonl.fence.tmp. MIGRATION: nothing in them is replayed and new rebinds are refused. Inspect them, then call clear_journal_fence(actor=..., reason=...) -- it archives the old journal byte-for-byte, moves old fence files aside and starts a new v5 journal -- and re-issue each rebind still wanted with rebind_plan_owner() -- journal unhealthy, rebinds refused until an operator inspects it and calls clear_journal_fence()
Rebind journal /tmp/hive-astra-7718/20261008-astra-7718/reset-cases/markers-5-after-OSError.jsonl line 4: unterminated (torn) last line
Rebind journal /tmp/hive-astra-7718/20261008-astra-7718/reset-cases/markers-5-after-OSError.jsonl is FENCED (corrupt): line 4: unterminated (torn) last line; no journaled rebind is replayed -- journal unhealthy, rebinds refused until an operator inspects it and calls clear_journal_fence()
Rebind journal /tmp/hive-astra-7718/20261008-astra-7718/reset-cases/markers-5-after-OSError.jsonl is FENCED (legacy): pre-v5 rebind journal artifact(s) present: /tmp/hive-astra-7718/20261008-astra-7718/reset-cases/markers-5-after-OSError.jsonl.fence; /tmp/hive-astra-7718/20261008-astra-7718/reset-cases/markers-5-after-OSError.jsonl.fence.tmp. MIGRATION: nothing in them is replayed and new rebinds are refused. Inspect them, then call clear_journal_fence(actor=..., reason=...) -- it archives the old journal byte-for-byte, moves old fence files aside and starts a new v5 journal -- and re-issue each rebind still wanted with rebind_plan_owner() -- journal unhealthy, rebinds refused until an operator inspects it and calls clear_journal_fence()
Rebind journal /tmp/hive-astra-7718/20261008-astra-7718/reset-cases/markers-5-after-OSError.jsonl is FENCED (legacy): pre-v5 rebind journal artifact(s) present: /tmp/hive-astra-7718/20261008-astra-7718/reset-cases/markers-5-after-OSError.jsonl.fence; /tmp/hive-astra-7718/20261008-astra-7718/reset-cases/markers-5-after-OSError.jsonl.fence.tmp. MIGRATION: nothing in them is replayed and new rebinds are refused. Inspect them, then call clear_journal_fence(actor=..., reason=...) -- it archives the old journal byte-for-byte, moves old fence files aside and starts a new v5 journal -- and re-issue each rebind still wanted with rebind_plan_owner() -- journal unhealthy, rebinds refused until an operator inspects it and calls clear_journal_fence()
Rebind journal /tmp/hive-astra-7718/20261008-astra-7718/reset-cases/markers-5-after-OSError.jsonl is FENCED (legacy): pre-v5 rebind journal artifact(s) present: /tmp/hive-astra-7718/20261008-astra-7718/reset-cases/markers-5-after-OSError.jsonl.fence; /tmp/hive-astra-7718/20261008-astra-7718/reset-cases/markers-5-after-OSError.jsonl.fence.tmp. MIGRATION: nothing in them is replayed and new rebinds are refused. Inspect them, then call clear_journal_fence(actor=..., reason=...) -- it archives the old journal byte-for-byte, moves old fence files aside and starts a new v5 journal -- and re-issue each rebind still wanted with rebind_plan_owner() -- journal unhealthy, rebinds refused until an operator inspects it and calls clear_journal_fence()
Rebind journal /tmp/hive-astra-7718/20261008-astra-7718/reset-cases/markers-6-before-Crash.jsonl line 4: unterminated (torn) last line
Rebind journal /tmp/hive-astra-7718/20261008-astra-7718/reset-cases/markers-6-before-Crash.jsonl is FENCED (corrupt): line 4: unterminated (torn) last line; no journaled rebind is replayed -- journal unhealthy, rebinds refused until an operator inspects it and calls clear_journal_fence()
Rebind journal /tmp/hive-astra-7718/20261008-astra-7718/reset-cases/markers-6-before-Crash.jsonl is FENCED (legacy): pre-v5 rebind journal artifact(s) present: /tmp/hive-astra-7718/20261008-astra-7718/reset-cases/markers-6-before-Crash.jsonl.fence; /tmp/hive-astra-7718/20261008-astra-7718/reset-cases/markers-6-before-Crash.jsonl.fence.tmp. MIGRATION: nothing in them is replayed and new rebinds are refused. Inspect them, then call clear_journal_fence(actor=..., reason=...) -- it archives the old journal byte-for-byte, moves old fence files aside and starts a new v5 journal -- and re-issue each rebind still wanted with rebind_plan_owner() -- journal unhealthy, rebinds refused until an operator inspects it and calls clear_journal_fence()
Rebind journal /tmp/hive-astra-7718/20261008-astra-7718/reset-cases/markers-6-before-Crash.jsonl is FENCED (legacy): pre-v5 rebind journal artifact(s) present: /tmp/hive-astra-7718/20261008-astra-7718/reset-cases/markers-6-before-Crash.jsonl.fence; /tmp/hive-astra-7718/20261008-astra-7718/reset-cases/markers-6-before-Crash.jsonl.fence.tmp. MIGRATION: nothing in them is replayed and new rebinds are refused. Inspect them, then call clear_journal_fence(actor=..., reason=...) -- it archives the old journal byte-for-byte, moves old fence files aside and starts a new v5 journal -- and re-issue each rebind still wanted with rebind_plan_owner() -- journal unhealthy, rebinds refused until an operator inspects it and calls clear_journal_fence()
Rebind journal /tmp/hive-astra-7718/20261008-astra-7718/reset-cases/markers-6-before-Crash.jsonl is FENCED (legacy): pre-v5 rebind journal artifact(s) present: /tmp/hive-astra-7718/20261008-astra-7718/reset-cases/markers-6-before-Crash.jsonl.fence; /tmp/hive-astra-7718/20261008-astra-7718/reset-cases/markers-6-before-Crash.jsonl.fence.tmp. MIGRATION: nothing in them is replayed and new rebinds are refused. Inspect them, then call clear_journal_fence(actor=..., reason=...) -- it archives the old journal byte-for-byte, moves old fence files aside and starts a new v5 journal -- and re-issue each rebind still wanted with rebind_plan_owner() -- journal unhealthy, rebinds refused until an operator inspects it and calls clear_journal_fence()
Rebind journal /tmp/hive-astra-7718/20261008-astra-7718/reset-cases/markers-6-before-OSError.jsonl line 4: unterminated (torn) last line
Rebind journal /tmp/hive-astra-7718/20261008-astra-7718/reset-cases/markers-6-before-OSError.jsonl is FENCED (corrupt): line 4: unterminated (torn) last line; no journaled rebind is replayed -- journal unhealthy, rebinds refused until an operator inspects it and calls clear_journal_fence()
Rebind journal /tmp/hive-astra-7718/20261008-astra-7718/reset-cases/markers-6-before-OSError.jsonl is FENCED (legacy): pre-v5 rebind journal artifact(s) present: /tmp/hive-astra-7718/20261008-astra-7718/reset-cases/markers-6-before-OSError.jsonl.fence; /tmp/hive-astra-7718/20261008-astra-7718/reset-cases/markers-6-before-OSError.jsonl.fence.tmp. MIGRATION: nothing in them is replayed and new rebinds are refused. Inspect them, then call clear_journal_fence(actor=..., reason=...) -- it archives the old journal byte-for-byte, moves old fence files aside and starts a new v5 journal -- and re-issue each rebind still wanted with rebind_plan_owner() -- journal unhealthy, rebinds refused until an operator inspects it and calls clear_journal_fence()
Rebind journal /tmp/hive-astra-7718/20261008-astra-7718/reset-cases/markers-6-before-OSError.jsonl is FENCED (legacy): pre-v5 rebind journal artifact(s) present: /tmp/hive-astra-7718/20261008-astra-7718/reset-cases/markers-6-before-OSError.jsonl.fence; /tmp/hive-astra-7718/20261008-astra-7718/reset-cases/markers-6-before-OSError.jsonl.fence.tmp. MIGRATION: nothing in them is replayed and new rebinds are refused. Inspect them, then call clear_journal_fence(actor=..., reason=...) -- it archives the old journal byte-for-byte, moves old fence files aside and starts a new v5 journal -- and re-issue each rebind still wanted with rebind_plan_owner() -- journal unhealthy, rebinds refused until an operator inspects it and calls clear_journal_fence()
Rebind journal /tmp/hive-astra-7718/20261008-astra-7718/reset-cases/markers-6-before-OSError.jsonl is FENCED (legacy): pre-v5 rebind journal artifact(s) present: /tmp/hive-astra-7718/20261008-astra-7718/reset-cases/markers-6-before-OSError.jsonl.fence; /tmp/hive-astra-7718/20261008-astra-7718/reset-cases/markers-6-before-OSError.jsonl.fence.tmp. MIGRATION: nothing in them is replayed and new rebinds are refused. Inspect them, then call clear_journal_fence(actor=..., reason=...) -- it archives the old journal byte-for-byte, moves old fence files aside and starts a new v5 journal -- and re-issue each rebind still wanted with rebind_plan_owner() -- journal unhealthy, rebinds refused until an operator inspects it and calls clear_journal_fence()
Rebind journal /tmp/hive-astra-7718/20261008-astra-7718/reset-cases/markers-6-after-Crash.jsonl line 4: unterminated (torn) last line
Rebind journal /tmp/hive-astra-7718/20261008-astra-7718/reset-cases/markers-6-after-Crash.jsonl is FENCED (corrupt): line 4: unterminated (torn) last line; no journaled rebind is replayed -- journal unhealthy, rebinds refused until an operator inspects it and calls clear_journal_fence()
Rebind journal /tmp/hive-astra-7718/20261008-astra-7718/reset-cases/markers-6-after-Crash.jsonl is FENCED (legacy): pre-v5 rebind journal artifact(s) present: /tmp/hive-astra-7718/20261008-astra-7718/reset-cases/markers-6-after-Crash.jsonl.fence; /tmp/hive-astra-7718/20261008-astra-7718/reset-cases/markers-6-after-Crash.jsonl.fence.tmp. MIGRATION: nothing in them is replayed and new rebinds are refused. Inspect them, then call clear_journal_fence(actor=..., reason=...) -- it archives the old journal byte-for-byte, moves old fence files aside and starts a new v5 journal -- and re-issue each rebind still wanted with rebind_plan_owner() -- journal unhealthy, rebinds refused until an operator inspects it and calls clear_journal_fence()
Rebind journal /tmp/hive-astra-7718/20261008-astra-7718/reset-cases/markers-6-after-Crash.jsonl is FENCED (legacy): pre-v5 rebind journal artifact(s) present: /tmp/hive-astra-7718/20261008-astra-7718/reset-cases/markers-6-after-Crash.jsonl.fence; /tmp/hive-astra-7718/20261008-astra-7718/reset-cases/markers-6-after-Crash.jsonl.fence.tmp. MIGRATION: nothing in them is replayed and new rebinds are refused. Inspect them, then call clear_journal_fence(actor=..., reason=...) -- it archives the old journal byte-for-byte, moves old fence files aside and starts a new v5 journal -- and re-issue each rebind still wanted with rebind_plan_owner() -- journal unhealthy, rebinds refused until an operator inspects it and calls clear_journal_fence()
Rebind journal /tmp/hive-astra-7718/20261008-astra-7718/reset-cases/markers-6-after-Crash.jsonl is FENCED (legacy): pre-v5 rebind journal artifact(s) present: /tmp/hive-astra-7718/20261008-astra-7718/reset-cases/markers-6-after-Crash.jsonl.fence; /tmp/hive-astra-7718/20261008-astra-7718/reset-cases/markers-6-after-Crash.jsonl.fence.tmp. MIGRATION: nothing in them is replayed and new rebinds are refused. Inspect them, then call clear_journal_fence(actor=..., reason=...) -- it archives the old journal byte-for-byte, moves old fence files aside and starts a new v5 journal -- and re-issue each rebind still wanted with rebind_plan_owner() -- journal unhealthy, rebinds refused until an operator inspects it and calls clear_journal_fence()
Rebind journal /tmp/hive-astra-7718/20261008-astra-7718/reset-cases/markers-6-after-OSError.jsonl line 4: unterminated (torn) last line
Rebind journal /tmp/hive-astra-7718/20261008-astra-7718/reset-cases/markers-6-after-OSError.jsonl is FENCED (corrupt): line 4: unterminated (torn) last line; no journaled rebind is replayed -- journal unhealthy, rebinds refused until an operator inspects it and calls clear_journal_fence()
Rebind journal /tmp/hive-astra-7718/20261008-astra-7718/reset-cases/markers-6-after-OSError.jsonl is FENCED (legacy): pre-v5 rebind journal artifact(s) present: /tmp/hive-astra-7718/20261008-astra-7718/reset-cases/markers-6-after-OSError.jsonl.fence; /tmp/hive-astra-7718/20261008-astra-7718/reset-cases/markers-6-after-OSError.jsonl.fence.tmp. MIGRATION: nothing in them is replayed and new rebinds are refused. Inspect them, then call clear_journal_fence(actor=..., reason=...) -- it archives the old journal byte-for-byte, moves old fence files aside and starts a new v5 journal -- and re-issue each rebind still wanted with rebind_plan_owner() -- journal unhealthy, rebinds refused until an operator inspects it and calls clear_journal_fence()
Rebind journal /tmp/hive-astra-7718/20261008-astra-7718/reset-cases/markers-6-after-OSError.jsonl is FENCED (legacy): pre-v5 rebind journal artifact(s) present: /tmp/hive-astra-7718/20261008-astra-7718/reset-cases/markers-6-after-OSError.jsonl.fence; /tmp/hive-astra-7718/20261008-astra-7718/reset-cases/markers-6-after-OSError.jsonl.fence.tmp. MIGRATION: nothing in them is replayed and new rebinds are refused. Inspect them, then call clear_journal_fence(actor=..., reason=...) -- it archives the old journal byte-for-byte, moves old fence files aside and starts a new v5 journal -- and re-issue each rebind still wanted with rebind_plan_owner() -- journal unhealthy, rebinds refused until an operator inspects it and calls clear_journal_fence()
Rebind journal /tmp/hive-astra-7718/20261008-astra-7718/reset-cases/markers-6-after-OSError.jsonl is FENCED (legacy): pre-v5 rebind journal artifact(s) present: /tmp/hive-astra-7718/20261008-astra-7718/reset-cases/markers-6-after-OSError.jsonl.fence; /tmp/hive-astra-7718/20261008-astra-7718/reset-cases/markers-6-after-OSError.jsonl.fence.tmp. MIGRATION: nothing in them is replayed and new rebinds are refused. Inspect them, then call clear_journal_fence(actor=..., reason=...) -- it archives the old journal byte-for-byte, moves old fence files aside and starts a new v5 journal -- and re-issue each rebind still wanted with rebind_plan_owner() -- journal unhealthy, rebinds refused until an operator inspects it and calls clear_journal_fence()
Rebind journal /tmp/hive-astra-7718/20261008-astra-7718/reset-cases/markers-7-before-Crash.jsonl line 4: unterminated (torn) last line
Rebind journal /tmp/hive-astra-7718/20261008-astra-7718/reset-cases/markers-7-before-Crash.jsonl is FENCED (corrupt): line 4: unterminated (torn) last line; no journaled rebind is replayed -- journal unhealthy, rebinds refused until an operator inspects it and calls clear_journal_fence()
Rebind journal /tmp/hive-astra-7718/20261008-astra-7718/reset-cases/markers-7-before-Crash.jsonl is FENCED (legacy): pre-v5 rebind journal artifact(s) present: /tmp/hive-astra-7718/20261008-astra-7718/reset-cases/markers-7-before-Crash.jsonl.fence; /tmp/hive-astra-7718/20261008-astra-7718/reset-cases/markers-7-before-Crash.jsonl.fence.tmp. MIGRATION: nothing in them is replayed and new rebinds are refused. Inspect them, then call clear_journal_fence(actor=..., reason=...) -- it archives the old journal byte-for-byte, moves old fence files aside and starts a new v5 journal -- and re-issue each rebind still wanted with rebind_plan_owner() -- journal unhealthy, rebinds refused until an operator inspects it and calls clear_journal_fence()
Rebind journal /tmp/hive-astra-7718/20261008-astra-7718/reset-cases/markers-7-before-Crash.jsonl is FENCED (legacy): pre-v5 rebind journal artifact(s) present: /tmp/hive-astra-7718/20261008-astra-7718/reset-cases/markers-7-before-Crash.jsonl.fence; /tmp/hive-astra-7718/20261008-astra-7718/reset-cases/markers-7-before-Crash.jsonl.fence.tmp. MIGRATION: nothing in them is replayed and new rebinds are refused. Inspect them, then call clear_journal_fence(actor=..., reason=...) -- it archives the old journal byte-for-byte, moves old fence files aside and starts a new v5 journal -- and re-issue each rebind still wanted with rebind_plan_owner() -- journal unhealthy, rebinds refused until an operator inspects it and calls clear_journal_fence()
Rebind journal /tmp/hive-astra-7718/20261008-astra-7718/reset-cases/markers-7-before-Crash.jsonl is FENCED (legacy): pre-v5 rebind journal artifact(s) present: /tmp/hive-astra-7718/20261008-astra-7718/reset-cases/markers-7-before-Crash.jsonl.fence; /tmp/hive-astra-7718/20261008-astra-7718/reset-cases/markers-7-before-Crash.jsonl.fence.tmp. MIGRATION: nothing in them is replayed and new rebinds are refused. Inspect them, then call clear_journal_fence(actor=..., reason=...) -- it archives the old journal byte-for-byte, moves old fence files aside and starts a new v5 journal -- and re-issue each rebind still wanted with rebind_plan_owner() -- journal unhealthy, rebinds refused until an operator inspects it and calls clear_journal_fence()
Rebind journal /tmp/hive-astra-7718/20261008-astra-7718/reset-cases/markers-7-before-OSError.jsonl line 4: unterminated (torn) last line
Rebind journal /tmp/hive-astra-7718/20261008-astra-7718/reset-cases/markers-7-before-OSError.jsonl is FENCED (corrupt): line 4: unterminated (torn) last line; no journaled rebind is replayed -- journal unhealthy, rebinds refused until an operator inspects it and calls clear_journal_fence()
Rebind journal /tmp/hive-astra-7718/20261008-astra-7718/reset-cases/markers-7-before-OSError.jsonl is FENCED (legacy): pre-v5 rebind journal artifact(s) present: /tmp/hive-astra-7718/20261008-astra-7718/reset-cases/markers-7-before-OSError.jsonl.fence; /tmp/hive-astra-7718/20261008-astra-7718/reset-cases/markers-7-before-OSError.jsonl.fence.tmp. MIGRATION: nothing in them is replayed and new rebinds are refused. Inspect them, then call clear_journal_fence(actor=..., reason=...) -- it archives the old journal byte-for-byte, moves old fence files aside and starts a new v5 journal -- and re-issue each rebind still wanted with rebind_plan_owner() -- journal unhealthy, rebinds refused until an operator inspects it and calls clear_journal_fence()
Rebind journal /tmp/hive-astra-7718/20261008-astra-7718/reset-cases/markers-7-before-OSError.jsonl is FENCED (legacy): pre-v5 rebind journal artifact(s) present: /tmp/hive-astra-7718/20261008-astra-7718/reset-cases/markers-7-before-OSError.jsonl.fence; /tmp/hive-astra-7718/20261008-astra-7718/reset-cases/markers-7-before-OSError.jsonl.fence.tmp. MIGRATION: nothing in them is replayed and new rebinds are refused. Inspect them, then call clear_journal_fence(actor=..., reason=...) -- it archives the old journal byte-for-byte, moves old fence files aside and starts a new v5 journal -- and re-issue each rebind still wanted with rebind_plan_owner() -- journal unhealthy, rebinds refused until an operator inspects it and calls clear_journal_fence()
Rebind journal /tmp/hive-astra-7718/20261008-astra-7718/reset-cases/markers-7-before-OSError.jsonl is FENCED (legacy): pre-v5 rebind journal artifact(s) present: /tmp/hive-astra-7718/20261008-astra-7718/reset-cases/markers-7-before-OSError.jsonl.fence; /tmp/hive-astra-7718/20261008-astra-7718/reset-cases/markers-7-before-OSError.jsonl.fence.tmp. MIGRATION: nothing in them is replayed and new rebinds are refused. Inspect them, then call clear_journal_fence(actor=..., reason=...) -- it archives the old journal byte-for-byte, moves old fence files aside and starts a new v5 journal -- and re-issue each rebind still wanted with rebind_plan_owner() -- journal unhealthy, rebinds refused until an operator inspects it and calls clear_journal_fence()
Rebind journal /tmp/hive-astra-7718/20261008-astra-7718/reset-cases/markers-7-after-Crash.jsonl line 4: unterminated (torn) last line
Rebind journal /tmp/hive-astra-7718/20261008-astra-7718/reset-cases/markers-7-after-Crash.jsonl is FENCED (corrupt): line 4: unterminated (torn) last line; no journaled rebind is replayed -- journal unhealthy, rebinds refused until an operator inspects it and calls clear_journal_fence()
Rebind journal /tmp/hive-astra-7718/20261008-astra-7718/reset-cases/markers-7-after-Crash.jsonl is FENCED (legacy): pre-v5 rebind journal artifact(s) present: /tmp/hive-astra-7718/20261008-astra-7718/reset-cases/markers-7-after-Crash.jsonl.fence; /tmp/hive-astra-7718/20261008-astra-7718/reset-cases/markers-7-after-Crash.jsonl.fence.tmp. MIGRATION: nothing in them is replayed and new rebinds are refused. Inspect them, then call clear_journal_fence(actor=..., reason=...) -- it archives the old journal byte-for-byte, moves old fence files aside and starts a new v5 journal -- and re-issue each rebind still wanted with rebind_plan_owner() -- journal unhealthy, rebinds refused until an operator inspects it and calls clear_journal_fence()
Rebind journal /tmp/hive-astra-7718/20261008-astra-7718/reset-cases/markers-7-after-Crash.jsonl is FENCED (legacy): pre-v5 rebind journal artifact(s) present: /tmp/hive-astra-7718/20261008-astra-7718/reset-cases/markers-7-after-Crash.jsonl.fence; /tmp/hive-astra-7718/20261008-astra-7718/reset-cases/markers-7-after-Crash.jsonl.fence.tmp. MIGRATION: nothing in them is replayed and new rebinds are refused. Inspect them, then call clear_journal_fence(actor=..., reason=...) -- it archives the old journal byte-for-byte, moves old fence files aside and starts a new v5 journal -- and re-issue each rebind still wanted with rebind_plan_owner() -- journal unhealthy, rebinds refused until an operator inspects it and calls clear_journal_fence()
Rebind journal /tmp/hive-astra-7718/20261008-astra-7718/reset-cases/markers-7-after-Crash.jsonl is FENCED (legacy): pre-v5 rebind journal artifact(s) present: /tmp/hive-astra-7718/20261008-astra-7718/reset-cases/markers-7-after-Crash.jsonl.fence; /tmp/hive-astra-7718/20261008-astra-7718/reset-cases/markers-7-after-Crash.jsonl.fence.tmp. MIGRATION: nothing in them is replayed and new rebinds are refused. Inspect them, then call clear_journal_fence(actor=..., reason=...) -- it archives the old journal byte-for-byte, moves old fence files aside and starts a new v5 journal -- and re-issue each rebind still wanted with rebind_plan_owner() -- journal unhealthy, rebinds refused until an operator inspects it and calls clear_journal_fence()
Rebind journal /tmp/hive-astra-7718/20261008-astra-7718/reset-cases/markers-7-after-OSError.jsonl line 4: unterminated (torn) last line
Rebind journal /tmp/hive-astra-7718/20261008-astra-7718/reset-cases/markers-7-after-OSError.jsonl is FENCED (corrupt): line 4: unterminated (torn) last line; no journaled rebind is replayed -- journal unhealthy, rebinds refused until an operator inspects it and calls clear_journal_fence()
Rebind journal /tmp/hive-astra-7718/20261008-astra-7718/reset-cases/markers-7-after-OSError.jsonl is FENCED (legacy): pre-v5 rebind journal artifact(s) present: /tmp/hive-astra-7718/20261008-astra-7718/reset-cases/markers-7-after-OSError.jsonl.fence; /tmp/hive-astra-7718/20261008-astra-7718/reset-cases/markers-7-after-OSError.jsonl.fence.tmp. MIGRATION: nothing in them is replayed and new rebinds are refused. Inspect them, then call clear_journal_fence(actor=..., reason=...) -- it archives the old journal byte-for-byte, moves old fence files aside and starts a new v5 journal -- and re-issue each rebind still wanted with rebind_plan_owner() -- journal unhealthy, rebinds refused until an operator inspects it and calls clear_journal_fence()
Rebind journal /tmp/hive-astra-7718/20261008-astra-7718/reset-cases/markers-7-after-OSError.jsonl is FENCED (legacy): pre-v5 rebind journal artifact(s) present: /tmp/hive-astra-7718/20261008-astra-7718/reset-cases/markers-7-after-OSError.jsonl.fence; /tmp/hive-astra-7718/20261008-astra-7718/reset-cases/markers-7-after-OSError.jsonl.fence.tmp. MIGRATION: nothing in them is replayed and new rebinds are refused. Inspect them, then call clear_journal_fence(actor=..., reason=...) -- it archives the old journal byte-for-byte, moves old fence files aside and starts a new v5 journal -- and re-issue each rebind still wanted with rebind_plan_owner() -- journal unhealthy, rebinds refused until an operator inspects it and calls clear_journal_fence()
Rebind journal /tmp/hive-astra-7718/20261008-astra-7718/reset-cases/markers-7-after-OSError.jsonl is FENCED (legacy): pre-v5 rebind journal artifact(s) present: /tmp/hive-astra-7718/20261008-astra-7718/reset-cases/markers-7-after-OSError.jsonl.fence; /tmp/hive-astra-7718/20261008-astra-7718/reset-cases/markers-7-after-OSError.jsonl.fence.tmp. MIGRATION: nothing in them is replayed and new rebinds are refused. Inspect them, then call clear_journal_fence(actor=..., reason=...) -- it archives the old journal byte-for-byte, moves old fence files aside and starts a new v5 journal -- and re-issue each rebind still wanted with rebind_plan_owner() -- journal unhealthy, rebinds refused until an operator inspects it and calls clear_journal_fence()
Rebind journal /tmp/hive-astra-7718/20261008-astra-7718/reset-cases/markers-8-before-Crash.jsonl line 4: unterminated (torn) last line
Rebind journal /tmp/hive-astra-7718/20261008-astra-7718/reset-cases/markers-8-before-Crash.jsonl is FENCED (corrupt): line 4: unterminated (torn) last line; no journaled rebind is replayed -- journal unhealthy, rebinds refused until an operator inspects it and calls clear_journal_fence()
Rebind journal /tmp/hive-astra-7718/20261008-astra-7718/reset-cases/markers-8-before-Crash.jsonl is FENCED (legacy): pre-v5 rebind journal artifact(s) present: /tmp/hive-astra-7718/20261008-astra-7718/reset-cases/markers-8-before-Crash.jsonl.fence; /tmp/hive-astra-7718/20261008-astra-7718/reset-cases/markers-8-before-Crash.jsonl.fence.tmp. MIGRATION: nothing in them is replayed and new rebinds are refused. Inspect them, then call clear_journal_fence(actor=..., reason=...) -- it archives the old journal byte-for-byte, moves old fence files aside and starts a new v5 journal -- and re-issue each rebind still wanted with rebind_plan_owner() -- journal unhealthy, rebinds refused until an operator inspects it and calls clear_journal_fence()
Rebind journal /tmp/hive-astra-7718/20261008-astra-7718/reset-cases/markers-8-before-Crash.jsonl is FENCED (legacy): pre-v5 rebind journal artifact(s) present: /tmp/hive-astra-7718/20261008-astra-7718/reset-cases/markers-8-before-Crash.jsonl.fence; /tmp/hive-astra-7718/20261008-astra-7718/reset-cases/markers-8-before-Crash.jsonl.fence.tmp. MIGRATION: nothing in them is replayed and new rebinds are refused. Inspect them, then call clear_journal_fence(actor=..., reason=...) -- it archives the old journal byte-for-byte, moves old fence files aside and starts a new v5 journal -- and re-issue each rebind still wanted with rebind_plan_owner() -- journal unhealthy, rebinds refused until an operator inspects it and calls clear_journal_fence()
Rebind journal /tmp/hive-astra-7718/20261008-astra-7718/reset-cases/markers-8-before-Crash.jsonl is FENCED (legacy): pre-v5 rebind journal artifact(s) present: /tmp/hive-astra-7718/20261008-astra-7718/reset-cases/markers-8-before-Crash.jsonl.fence; /tmp/hive-astra-7718/20261008-astra-7718/reset-cases/markers-8-before-Crash.jsonl.fence.tmp. MIGRATION: nothing in them is replayed and new rebinds are refused. Inspect them, then call clear_journal_fence(actor=..., reason=...) -- it archives the old journal byte-for-byte, moves old fence files aside and starts a new v5 journal -- and re-issue each rebind still wanted with rebind_plan_owner() -- journal unhealthy, rebinds refused until an operator inspects it and calls clear_journal_fence()
Rebind journal /tmp/hive-astra-7718/20261008-astra-7718/reset-cases/markers-8-before-OSError.jsonl line 4: unterminated (torn) last line
Rebind journal /tmp/hive-astra-7718/20261008-astra-7718/reset-cases/markers-8-before-OSError.jsonl is FENCED (corrupt): line 4: unterminated (torn) last line; no journaled rebind is replayed -- journal unhealthy, rebinds refused until an operator inspects it and calls clear_journal_fence()
Rebind journal /tmp/hive-astra-7718/20261008-astra-7718/reset-cases/markers-8-before-OSError.jsonl is FENCED (legacy): pre-v5 rebind journal artifact(s) present: /tmp/hive-astra-7718/20261008-astra-7718/reset-cases/markers-8-before-OSError.jsonl.fence; /tmp/hive-astra-7718/20261008-astra-7718/reset-cases/markers-8-before-OSError.jsonl.fence.tmp. MIGRATION: nothing in them is replayed and new rebinds are refused. Inspect them, then call clear_journal_fence(actor=..., reason=...) -- it archives the old journal byte-for-byte, moves old fence files aside and starts a new v5 journal -- and re-issue each rebind still wanted with rebind_plan_owner() -- journal unhealthy, rebinds refused until an operator inspects it and calls clear_journal_fence()
Rebind journal /tmp/hive-astra-7718/20261008-astra-7718/reset-cases/markers-8-before-OSError.jsonl is FENCED (legacy): pre-v5 rebind journal artifact(s) present: /tmp/hive-astra-7718/20261008-astra-7718/reset-cases/markers-8-before-OSError.jsonl.fence; /tmp/hive-astra-7718/20261008-astra-7718/reset-cases/markers-8-before-OSError.jsonl.fence.tmp. MIGRATION: nothing in them is replayed and new rebinds are refused. Inspect them, then call clear_journal_fence(actor=..., reason=...) -- it archives the old journal byte-for-byte, moves old fence files aside and starts a new v5 journal -- and re-issue each rebind still wanted with rebind_plan_owner() -- journal unhealthy, rebinds refused until an operator inspects it and calls clear_journal_fence()
Rebind journal /tmp/hive-astra-7718/20261008-astra-7718/reset-cases/markers-8-before-OSError.jsonl is FENCED (legacy): pre-v5 rebind journal artifact(s) present: /tmp/hive-astra-7718/20261008-astra-7718/reset-cases/markers-8-before-OSError.jsonl.fence; /tmp/hive-astra-7718/20261008-astra-7718/reset-cases/markers-8-before-OSError.jsonl.fence.tmp. MIGRATION: nothing in them is replayed and new rebinds are refused. Inspect them, then call clear_journal_fence(actor=..., reason=...) -- it archives the old journal byte-for-byte, moves old fence files aside and starts a new v5 journal -- and re-issue each rebind still wanted with rebind_plan_owner() -- journal unhealthy, rebinds refused until an operator inspects it and calls clear_journal_fence()
Rebind journal /tmp/hive-astra-7718/20261008-astra-7718/reset-cases/markers-8-after-Crash.jsonl line 4: unterminated (torn) last line
Rebind journal /tmp/hive-astra-7718/20261008-astra-7718/reset-cases/markers-8-after-Crash.jsonl is FENCED (corrupt): line 4: unterminated (torn) last line; no journaled rebind is replayed -- journal unhealthy, rebinds refused until an operator inspects it and calls clear_journal_fence()
Rebind journal /tmp/hive-astra-7718/20261008-astra-7718/reset-cases/markers-8-after-Crash.jsonl is FENCED (legacy): pre-v5 rebind journal artifact(s) present: /tmp/hive-astra-7718/20261008-astra-7718/reset-cases/markers-8-after-Crash.jsonl.fence; /tmp/hive-astra-7718/20261008-astra-7718/reset-cases/markers-8-after-Crash.jsonl.fence.tmp. MIGRATION: nothing in them is replayed and new rebinds are refused. Inspect them, then call clear_journal_fence(actor=..., reason=...) -- it archives the old journal byte-for-byte, moves old fence files aside and starts a new v5 journal -- and re-issue each rebind still wanted with rebind_plan_owner() -- journal unhealthy, rebinds refused until an operator inspects it and calls clear_journal_fence()
Rebind journal /tmp/hive-astra-7718/20261008-astra-7718/reset-cases/markers-8-after-Crash.jsonl is FENCED (legacy): pre-v5 rebind journal artifact(s) present: /tmp/hive-astra-7718/20261008-astra-7718/reset-cases/markers-8-after-Crash.jsonl.fence; /tmp/hive-astra-7718/20261008-astra-7718/reset-cases/markers-8-after-Crash.jsonl.fence.tmp. MIGRATION: nothing in them is replayed and new rebinds are refused. Inspect them, then call clear_journal_fence(actor=..., reason=...) -- it archives the old journal byte-for-byte, moves old fence files aside and starts a new v5 journal -- and re-issue each rebind still wanted with rebind_plan_owner() -- journal unhealthy, rebinds refused until an operator inspects it and calls clear_journal_fence()
Rebind journal /tmp/hive-astra-7718/20261008-astra-7718/reset-cases/markers-8-after-Crash.jsonl is FENCED (legacy): pre-v5 rebind journal artifact(s) present: /tmp/hive-astra-7718/20261008-astra-7718/reset-cases/markers-8-after-Crash.jsonl.fence; /tmp/hive-astra-7718/20261008-astra-7718/reset-cases/markers-8-after-Crash.jsonl.fence.tmp. MIGRATION: nothing in them is replayed and new rebinds are refused. Inspect them, then call clear_journal_fence(actor=..., reason=...) -- it archives the old journal byte-for-byte, moves old fence files aside and starts a new v5 journal -- and re-issue each rebind still wanted with rebind_plan_owner() -- journal unhealthy, rebinds refused until an operator inspects it and calls clear_journal_fence()
Rebind journal /tmp/hive-astra-7718/20261008-astra-7718/reset-cases/markers-8-after-OSError.jsonl line 4: unterminated (torn) last line
Rebind journal /tmp/hive-astra-7718/20261008-astra-7718/reset-cases/markers-8-after-OSError.jsonl is FENCED (corrupt): line 4: unterminated (torn) last line; no journaled rebind is replayed -- journal unhealthy, rebinds refused until an operator inspects it and calls clear_journal_fence()
Rebind journal /tmp/hive-astra-7718/20261008-astra-7718/reset-cases/markers-8-after-OSError.jsonl is FENCED (legacy): pre-v5 rebind journal artifact(s) present: /tmp/hive-astra-7718/20261008-astra-7718/reset-cases/markers-8-after-OSError.jsonl.fence; /tmp/hive-astra-7718/20261008-astra-7718/reset-cases/markers-8-after-OSError.jsonl.fence.tmp. MIGRATION: nothing in them is replayed and new rebinds are refused. Inspect them, then call clear_journal_fence(actor=..., reason=...) -- it archives the old journal byte-for-byte, moves old fence files aside and starts a new v5 journal -- and re-issue each rebind still wanted with rebind_plan_owner() -- journal unhealthy, rebinds refused until an operator inspects it and calls clear_journal_fence()
Rebind journal /tmp/hive-astra-7718/20261008-astra-7718/reset-cases/markers-8-after-OSError.jsonl is FENCED (legacy): pre-v5 rebind journal artifact(s) present: /tmp/hive-astra-7718/20261008-astra-7718/reset-cases/markers-8-after-OSError.jsonl.fence; /tmp/hive-astra-7718/20261008-astra-7718/reset-cases/markers-8-after-OSError.jsonl.fence.tmp. MIGRATION: nothing in them is replayed and new rebinds are refused. Inspect them, then call clear_journal_fence(actor=..., reason=...) -- it archives the old journal byte-for-byte, moves old fence files aside and starts a new v5 journal -- and re-issue each rebind still wanted with rebind_plan_owner() -- journal unhealthy, rebinds refused until an operator inspects it and calls clear_journal_fence()
Rebind journal /tmp/hive-astra-7718/20261008-astra-7718/reset-cases/markers-8-after-OSError.jsonl is FENCED (legacy): pre-v5 rebind journal artifact(s) present: /tmp/hive-astra-7718/20261008-astra-7718/reset-cases/markers-8-after-OSError.jsonl.fence; /tmp/hive-astra-7718/20261008-astra-7718/reset-cases/markers-8-after-OSError.jsonl.fence.tmp. MIGRATION: nothing in them is replayed and new rebinds are refused. Inspect them, then call clear_journal_fence(actor=..., reason=...) -- it archives the old journal byte-for-byte, moves old fence files aside and starts a new v5 journal -- and re-issue each rebind still wanted with rebind_plan_owner() -- journal unhealthy, rebinds refused until an operator inspects it and calls clear_journal_fence()
Rebind journal /tmp/hive-astra-7718/20261008-astra-7718/reset-cases/markers-9-before-Crash.jsonl line 4: unterminated (torn) last line
Rebind journal /tmp/hive-astra-7718/20261008-astra-7718/reset-cases/markers-9-before-Crash.jsonl is FENCED (corrupt): line 4: unterminated (torn) last line; no journaled rebind is replayed -- journal unhealthy, rebinds refused until an operator inspects it and calls clear_journal_fence()
Rebind journal /tmp/hive-astra-7718/20261008-astra-7718/reset-cases/markers-9-before-Crash.jsonl is FENCED (legacy): pre-v5 rebind journal artifact(s) present: /tmp/hive-astra-7718/20261008-astra-7718/reset-cases/markers-9-before-Crash.jsonl.fence; /tmp/hive-astra-7718/20261008-astra-7718/reset-cases/markers-9-before-Crash.jsonl.fence.tmp. MIGRATION: nothing in them is replayed and new rebinds are refused. Inspect them, then call clear_journal_fence(actor=..., reason=...) -- it archives the old journal byte-for-byte, moves old fence files aside and starts a new v5 journal -- and re-issue each rebind still wanted with rebind_plan_owner() -- journal unhealthy, rebinds refused until an operator inspects it and calls clear_journal_fence()
Rebind journal /tmp/hive-astra-7718/20261008-astra-7718/reset-cases/markers-9-before-Crash.jsonl is FENCED (legacy): pre-v5 rebind journal artifact(s) present: /tmp/hive-astra-7718/20261008-astra-7718/reset-cases/markers-9-before-Crash.jsonl.fence; /tmp/hive-astra-7718/20261008-astra-7718/reset-cases/markers-9-before-Crash.jsonl.fence.tmp. MIGRATION: nothing in them is replayed and new rebinds are refused. Inspect them, then call clear_journal_fence(actor=..., reason=...) -- it archives the old journal byte-for-byte, moves old fence files aside and starts a new v5 journal -- and re-issue each rebind still wanted with rebind_plan_owner() -- journal unhealthy, rebinds refused until an operator inspects it and calls clear_journal_fence()
Rebind journal /tmp/hive-astra-7718/20261008-astra-7718/reset-cases/markers-9-before-Crash.jsonl is FENCED (legacy): pre-v5 rebind journal artifact(s) present: /tmp/hive-astra-7718/20261008-astra-7718/reset-cases/markers-9-before-Crash.jsonl.fence; /tmp/hive-astra-7718/20261008-astra-7718/reset-cases/markers-9-before-Crash.jsonl.fence.tmp. MIGRATION: nothing in them is replayed and new rebinds are refused. Inspect them, then call clear_journal_fence(actor=..., reason=...) -- it archives the old journal byte-for-byte, moves old fence files aside and starts a new v5 journal -- and re-issue each rebind still wanted with rebind_plan_owner() -- journal unhealthy, rebinds refused until an operator inspects it and calls clear_journal_fence()
Rebind journal /tmp/hive-astra-7718/20261008-astra-7718/reset-cases/markers-9-before-OSError.jsonl line 4: unterminated (torn) last line
Rebind journal /tmp/hive-astra-7718/20261008-astra-7718/reset-cases/markers-9-before-OSError.jsonl is FENCED (corrupt): line 4: unterminated (torn) last line; no journaled rebind is replayed -- journal unhealthy, rebinds refused until an operator inspects it and calls clear_journal_fence()
Rebind journal /tmp/hive-astra-7718/20261008-astra-7718/reset-cases/markers-9-before-OSError.jsonl is FENCED (legacy): pre-v5 rebind journal artifact(s) present: /tmp/hive-astra-7718/20261008-astra-7718/reset-cases/markers-9-before-OSError.jsonl.fence; /tmp/hive-astra-7718/20261008-astra-7718/reset-cases/markers-9-before-OSError.jsonl.fence.tmp. MIGRATION: nothing in them is replayed and new rebinds are refused. Inspect them, then call clear_journal_fence(actor=..., reason=...) -- it archives the old journal byte-for-byte, moves old fence files aside and starts a new v5 journal -- and re-issue each rebind still wanted with rebind_plan_owner() -- journal unhealthy, rebinds refused until an operator inspects it and calls clear_journal_fence()
Rebind journal /tmp/hive-astra-7718/20261008-astra-7718/reset-cases/markers-9-before-OSError.jsonl is FENCED (legacy): pre-v5 rebind journal artifact(s) present: /tmp/hive-astra-7718/20261008-astra-7718/reset-cases/markers-9-before-OSError.jsonl.fence; /tmp/hive-astra-7718/20261008-astra-7718/reset-cases/markers-9-before-OSError.jsonl.fence.tmp. MIGRATION: nothing in them is replayed and new rebinds are refused. Inspect them, then call clear_journal_fence(actor=..., reason=...) -- it archives the old journal byte-for-byte, moves old fence files aside and starts a new v5 journal -- and re-issue each rebind still wanted with rebind_plan_owner() -- journal unhealthy, rebinds refused until an operator inspects it and calls clear_journal_fence()
Rebind journal /tmp/hive-astra-7718/20261008-astra-7718/reset-cases/markers-9-before-OSError.jsonl is FENCED (legacy): pre-v5 rebind journal artifact(s) present: /tmp/hive-astra-7718/20261008-astra-7718/reset-cases/markers-9-before-OSError.jsonl.fence; /tmp/hive-astra-7718/20261008-astra-7718/reset-cases/markers-9-before-OSError.jsonl.fence.tmp. MIGRATION: nothing in them is replayed and new rebinds are refused. Inspect them, then call clear_journal_fence(actor=..., reason=...) -- it archives the old journal byte-for-byte, moves old fence files aside and starts a new v5 journal -- and re-issue each rebind still wanted with rebind_plan_owner() -- journal unhealthy, rebinds refused until an operator inspects it and calls clear_journal_fence()
Rebind journal /tmp/hive-astra-7718/20261008-astra-7718/reset-cases/markers-9-after-Crash.jsonl line 4: unterminated (torn) last line
Rebind journal /tmp/hive-astra-7718/20261008-astra-7718/reset-cases/markers-9-after-Crash.jsonl is FENCED (corrupt): line 4: unterminated (torn) last line; no journaled rebind is replayed -- journal unhealthy, rebinds refused until an operator inspects it and calls clear_journal_fence()
Rebind journal /tmp/hive-astra-7718/20261008-astra-7718/reset-cases/markers-9-after-Crash.jsonl is FENCED (legacy): pre-v5 rebind journal artifact(s) present: /tmp/hive-astra-7718/20261008-astra-7718/reset-cases/markers-9-after-Crash.jsonl.fence; /tmp/hive-astra-7718/20261008-astra-7718/reset-cases/markers-9-after-Crash.jsonl.fence.tmp. MIGRATION: nothing in them is replayed and new rebinds are refused. Inspect them, then call clear_journal_fence(actor=..., reason=...) -- it archives the old journal byte-for-byte, moves old fence files aside and starts a new v5 journal -- and re-issue each rebind still wanted with rebind_plan_owner() -- journal unhealthy, rebinds refused until an operator inspects it and calls clear_journal_fence()
Rebind journal /tmp/hive-astra-7718/20261008-astra-7718/reset-cases/markers-9-after-Crash.jsonl is FENCED (legacy): pre-v5 rebind journal artifact(s) present: /tmp/hive-astra-7718/20261008-astra-7718/reset-cases/markers-9-after-Crash.jsonl.fence; /tmp/hive-astra-7718/20261008-astra-7718/reset-cases/markers-9-after-Crash.jsonl.fence.tmp. MIGRATION: nothing in them is replayed and new rebinds are refused. Inspect them, then call clear_journal_fence(actor=..., reason=...) -- it archives the old journal byte-for-byte, moves old fence files aside and starts a new v5 journal -- and re-issue each rebind still wanted with rebind_plan_owner() -- journal unhealthy, rebinds refused until an operator inspects it and calls clear_journal_fence()
Rebind journal /tmp/hive-astra-7718/20261008-astra-7718/reset-cases/markers-9-after-Crash.jsonl is FENCED (legacy): pre-v5 rebind journal artifact(s) present: /tmp/hive-astra-7718/20261008-astra-7718/reset-cases/markers-9-after-Crash.jsonl.fence; /tmp/hive-astra-7718/20261008-astra-7718/reset-cases/markers-9-after-Crash.jsonl.fence.tmp. MIGRATION: nothing in them is replayed and new rebinds are refused. Inspect them, then call clear_journal_fence(actor=..., reason=...) -- it archives the old journal byte-for-byte, moves old fence files aside and starts a new v5 journal -- and re-issue each rebind still wanted with rebind_plan_owner() -- journal unhealthy, rebinds refused until an operator inspects it and calls clear_journal_fence()
Rebind journal /tmp/hive-astra-7718/20261008-astra-7718/reset-cases/markers-9-after-OSError.jsonl line 4: unterminated (torn) last line
Rebind journal /tmp/hive-astra-7718/20261008-astra-7718/reset-cases/markers-9-after-OSError.jsonl is FENCED (corrupt): line 4: unterminated (torn) last line; no journaled rebind is replayed -- journal unhealthy, rebinds refused until an operator inspects it and calls clear_journal_fence()
Rebind journal /tmp/hive-astra-7718/20261008-astra-7718/reset-cases/markers-9-after-OSError.jsonl is FENCED (legacy): pre-v5 rebind journal artifact(s) present: /tmp/hive-astra-7718/20261008-astra-7718/reset-cases/markers-9-after-OSError.jsonl.fence; /tmp/hive-astra-7718/20261008-astra-7718/reset-cases/markers-9-after-OSError.jsonl.fence.tmp. MIGRATION: nothing in them is replayed and new rebinds are refused. Inspect them, then call clear_journal_fence(actor=..., reason=...) -- it archives the old journal byte-for-byte, moves old fence files aside and starts a new v5 journal -- and re-issue each rebind still wanted with rebind_plan_owner() -- journal unhealthy, rebinds refused until an operator inspects it and calls clear_journal_fence()
Rebind journal /tmp/hive-astra-7718/20261008-astra-7718/reset-cases/markers-9-after-OSError.jsonl is FENCED (legacy): pre-v5 rebind journal artifact(s) present: /tmp/hive-astra-7718/20261008-astra-7718/reset-cases/markers-9-after-OSError.jsonl.fence; /tmp/hive-astra-7718/20261008-astra-7718/reset-cases/markers-9-after-OSError.jsonl.fence.tmp. MIGRATION: nothing in them is replayed and new rebinds are refused. Inspect them, then call clear_journal_fence(actor=..., reason=...) -- it archives the old journal byte-for-byte, moves old fence files aside and starts a new v5 journal -- and re-issue each rebind still wanted with rebind_plan_owner() -- journal unhealthy, rebinds refused until an operator inspects it and calls clear_journal_fence()
Rebind journal /tmp/hive-astra-7718/20261008-astra-7718/reset-cases/markers-9-after-OSError.jsonl is FENCED (legacy): pre-v5 rebind journal artifact(s) present: /tmp/hive-astra-7718/20261008-astra-7718/reset-cases/markers-9-after-OSError.jsonl.fence; /tmp/hive-astra-7718/20261008-astra-7718/reset-cases/markers-9-after-OSError.jsonl.fence.tmp. MIGRATION: nothing in them is replayed and new rebinds are refused. Inspect them, then call clear_journal_fence(actor=..., reason=...) -- it archives the old journal byte-for-byte, moves old fence files aside and starts a new v5 journal -- and re-issue each rebind still wanted with rebind_plan_owner() -- journal unhealthy, rebinds refused until an operator inspects it and calls clear_journal_fence()
Rebind journal /tmp/hive-astra-7718/20261008-astra-7718/reset-cases/markers-10-before-Crash.jsonl line 4: unterminated (torn) last line
Rebind journal /tmp/hive-astra-7718/20261008-astra-7718/reset-cases/markers-10-before-Crash.jsonl is FENCED (corrupt): line 4: unterminated (torn) last line; no journaled rebind is replayed -- journal unhealthy, rebinds refused until an operator inspects it and calls clear_journal_fence()
Rebind journal /tmp/hive-astra-7718/20261008-astra-7718/reset-cases/markers-10-before-Crash.jsonl is FENCED (legacy): pre-v5 rebind journal artifact(s) present: /tmp/hive-astra-7718/20261008-astra-7718/reset-cases/markers-10-before-Crash.jsonl.fence; /tmp/hive-astra-7718/20261008-astra-7718/reset-cases/markers-10-before-Crash.jsonl.fence.tmp. MIGRATION: nothing in them is replayed and new rebinds are refused. Inspect them, then call clear_journal_fence(actor=..., reason=...) -- it archives the old journal byte-for-byte, moves old fence files aside and starts a new v5 journal -- and re-issue each rebind still wanted with rebind_plan_owner() -- journal unhealthy, rebinds refused until an operator inspects it and calls clear_journal_fence()
Rebind journal /tmp/hive-astra-7718/20261008-astra-7718/reset-cases/markers-10-before-Crash.jsonl is FENCED (legacy): pre-v5 rebind journal artifact(s) present: /tmp/hive-astra-7718/20261008-astra-7718/reset-cases/markers-10-before-Crash.jsonl.fence; /tmp/hive-astra-7718/20261008-astra-7718/reset-cases/markers-10-before-Crash.jsonl.fence.tmp. MIGRATION: nothing in them is replayed and new rebinds are refused. Inspect them, then call clear_journal_fence(actor=..., reason=...) -- it archives the old journal byte-for-byte, moves old fence files aside and starts a new v5 journal -- and re-issue each rebind still wanted with rebind_plan_owner() -- journal unhealthy, rebinds refused until an operator inspects it and calls clear_journal_fence()
Rebind journal /tmp/hive-astra-7718/20261008-astra-7718/reset-cases/markers-10-before-Crash.jsonl is FENCED (legacy): pre-v5 rebind journal artifact(s) present: /tmp/hive-astra-7718/20261008-astra-7718/reset-cases/markers-10-before-Crash.jsonl.fence; /tmp/hive-astra-7718/20261008-astra-7718/reset-cases/markers-10-before-Crash.jsonl.fence.tmp. MIGRATION: nothing in them is replayed and new rebinds are refused. Inspect them, then call clear_journal_fence(actor=..., reason=...) -- it archives the old journal byte-for-byte, moves old fence files aside and starts a new v5 journal -- and re-issue each rebind still wanted with rebind_plan_owner() -- journal unhealthy, rebinds refused until an operator inspects it and calls clear_journal_fence()
Rebind journal /tmp/hive-astra-7718/20261008-astra-7718/reset-cases/markers-10-before-OSError.jsonl line 4: unterminated (torn) last line
Rebind journal /tmp/hive-astra-7718/20261008-astra-7718/reset-cases/markers-10-before-OSError.jsonl is FENCED (corrupt): line 4: unterminated (torn) last line; no journaled rebind is replayed -- journal unhealthy, rebinds refused until an operator inspects it and calls clear_journal_fence()
Rebind journal /tmp/hive-astra-7718/20261008-astra-7718/reset-cases/markers-10-before-OSError.jsonl is FENCED (legacy): pre-v5 rebind journal artifact(s) present: /tmp/hive-astra-7718/20261008-astra-7718/reset-cases/markers-10-before-OSError.jsonl.fence; /tmp/hive-astra-7718/20261008-astra-7718/reset-cases/markers-10-before-OSError.jsonl.fence.tmp. MIGRATION: nothing in them is replayed and new rebinds are refused. Inspect them, then call clear_journal_fence(actor=..., reason=...) -- it archives the old journal byte-for-byte, moves old fence files aside and starts a new v5 journal -- and re-issue each rebind still wanted with rebind_plan_owner() -- journal unhealthy, rebinds refused until an operator inspects it and calls clear_journal_fence()
Rebind journal /tmp/hive-astra-7718/20261008-astra-7718/reset-cases/markers-10-before-OSError.jsonl is FENCED (legacy): pre-v5 rebind journal artifact(s) present: /tmp/hive-astra-7718/20261008-astra-7718/reset-cases/markers-10-before-OSError.jsonl.fence; /tmp/hive-astra-7718/20261008-astra-7718/reset-cases/markers-10-before-OSError.jsonl.fence.tmp. MIGRATION: nothing in them is replayed and new rebinds are refused. Inspect them, then call clear_journal_fence(actor=..., reason=...) -- it archives the old journal byte-for-byte, moves old fence files aside and starts a new v5 journal -- and re-issue each rebind still wanted with rebind_plan_owner() -- journal unhealthy, rebinds refused until an operator inspects it and calls clear_journal_fence()
Rebind journal /tmp/hive-astra-7718/20261008-astra-7718/reset-cases/markers-10-before-OSError.jsonl is FENCED (legacy): pre-v5 rebind journal artifact(s) present: /tmp/hive-astra-7718/20261008-astra-7718/reset-cases/markers-10-before-OSError.jsonl.fence; /tmp/hive-astra-7718/20261008-astra-7718/reset-cases/markers-10-before-OSError.jsonl.fence.tmp. MIGRATION: nothing in them is replayed and new rebinds are refused. Inspect them, then call clear_journal_fence(actor=..., reason=...) -- it archives the old journal byte-for-byte, moves old fence files aside and starts a new v5 journal -- and re-issue each rebind still wanted with rebind_plan_owner() -- journal unhealthy, rebinds refused until an operator inspects it and calls clear_journal_fence()
Rebind journal /tmp/hive-astra-7718/20261008-astra-7718/reset-cases/markers-10-after-Crash.jsonl line 4: unterminated (torn) last line
Rebind journal /tmp/hive-astra-7718/20261008-astra-7718/reset-cases/markers-10-after-Crash.jsonl is FENCED (corrupt): line 4: unterminated (torn) last line; no journaled rebind is replayed -- journal unhealthy, rebinds refused until an operator inspects it and calls clear_journal_fence()
Rebind journal /tmp/hive-astra-7718/20261008-astra-7718/reset-cases/markers-10-after-Crash.jsonl is FENCED (legacy): pre-v5 rebind journal artifact(s) present: /tmp/hive-astra-7718/20261008-astra-7718/reset-cases/markers-10-after-Crash.jsonl.fence; /tmp/hive-astra-7718/20261008-astra-7718/reset-cases/markers-10-after-Crash.jsonl.fence.tmp. MIGRATION: nothing in them is replayed and new rebinds are refused. Inspect them, then call clear_journal_fence(actor=..., reason=...) -- it archives the old journal byte-for-byte, moves old fence files aside and starts a new v5 journal -- and re-issue each rebind still wanted with rebind_plan_owner() -- journal unhealthy, rebinds refused until an operator inspects it and calls clear_journal_fence()
Rebind journal /tmp/hive-astra-7718/20261008-astra-7718/reset-cases/markers-10-after-Crash.jsonl is FENCED (legacy): pre-v5 rebind journal artifact(s) present: /tmp/hive-astra-7718/20261008-astra-7718/reset-cases/markers-10-after-Crash.jsonl.fence; /tmp/hive-astra-7718/20261008-astra-7718/reset-cases/markers-10-after-Crash.jsonl.fence.tmp. MIGRATION: nothing in them is replayed and new rebinds are refused. Inspect them, then call clear_journal_fence(actor=..., reason=...) -- it archives the old journal byte-for-byte, moves old fence files aside and starts a new v5 journal -- and re-issue each rebind still wanted with rebind_plan_owner() -- journal unhealthy, rebinds refused until an operator inspects it and calls clear_journal_fence()
Rebind journal /tmp/hive-astra-7718/20261008-astra-7718/reset-cases/markers-10-after-Crash.jsonl is FENCED (legacy): pre-v5 rebind journal artifact(s) present: /tmp/hive-astra-7718/20261008-astra-7718/reset-cases/markers-10-after-Crash.jsonl.fence; /tmp/hive-astra-7718/20261008-astra-7718/reset-cases/markers-10-after-Crash.jsonl.fence.tmp. MIGRATION: nothing in them is replayed and new rebinds are refused. Inspect them, then call clear_journal_fence(actor=..., reason=...) -- it archives the old journal byte-for-byte, moves old fence files aside and starts a new v5 journal -- and re-issue each rebind still wanted with rebind_plan_owner() -- journal unhealthy, rebinds refused until an operator inspects it and calls clear_journal_fence()
Rebind journal /tmp/hive-astra-7718/20261008-astra-7718/reset-cases/markers-10-after-OSError.jsonl line 4: unterminated (torn) last line
Rebind journal /tmp/hive-astra-7718/20261008-astra-7718/reset-cases/markers-10-after-OSError.jsonl is FENCED (corrupt): line 4: unterminated (torn) last line; no journaled rebind is replayed -- journal unhealthy, rebinds refused until an operator inspects it and calls clear_journal_fence()
Rebind journal /tmp/hive-astra-7718/20261008-astra-7718/reset-cases/markers-10-after-OSError.jsonl is FENCED (legacy): pre-v5 rebind journal artifact(s) present: /tmp/hive-astra-7718/20261008-astra-7718/reset-cases/markers-10-after-OSError.jsonl.fence; /tmp/hive-astra-7718/20261008-astra-7718/reset-cases/markers-10-after-OSError.jsonl.fence.tmp. MIGRATION: nothing in them is replayed and new rebinds are refused. Inspect them, then call clear_journal_fence(actor=..., reason=...) -- it archives the old journal byte-for-byte, moves old fence files aside and starts a new v5 journal -- and re-issue each rebind still wanted with rebind_plan_owner() -- journal unhealthy, rebinds refused until an operator inspects it and calls clear_journal_fence()
Rebind journal /tmp/hive-astra-7718/20261008-astra-7718/reset-cases/markers-10-after-OSError.jsonl is FENCED (legacy): pre-v5 rebind journal artifact(s) present: /tmp/hive-astra-7718/20261008-astra-7718/reset-cases/markers-10-after-OSError.jsonl.fence; /tmp/hive-astra-7718/20261008-astra-7718/reset-cases/markers-10-after-OSError.jsonl.fence.tmp. MIGRATION: nothing in them is replayed and new rebinds are refused. Inspect them, then call clear_journal_fence(actor=..., reason=...) -- it archives the old journal byte-for-byte, moves old fence files aside and starts a new v5 journal -- and re-issue each rebind still wanted with rebind_plan_owner() -- journal unhealthy, rebinds refused until an operator inspects it and calls clear_journal_fence()
Rebind journal /tmp/hive-astra-7718/20261008-astra-7718/reset-cases/markers-10-after-OSError.jsonl is FENCED (legacy): pre-v5 rebind journal artifact(s) present: /tmp/hive-astra-7718/20261008-astra-7718/reset-cases/markers-10-after-OSError.jsonl.fence; /tmp/hive-astra-7718/20261008-astra-7718/reset-cases/markers-10-after-OSError.jsonl.fence.tmp. MIGRATION: nothing in them is replayed and new rebinds are refused. Inspect them, then call clear_journal_fence(actor=..., reason=...) -- it archives the old journal byte-for-byte, moves old fence files aside and starts a new v5 journal -- and re-issue each rebind still wanted with rebind_plan_owner() -- journal unhealthy, rebinds refused until an operator inspects it and calls clear_journal_fence()
Rebind journal /tmp/hive-astra-7718/20261008-astra-7718/reset-cases/markers-11-before-Crash.jsonl line 4: unterminated (torn) last line
Rebind journal /tmp/hive-astra-7718/20261008-astra-7718/reset-cases/markers-11-before-Crash.jsonl is FENCED (corrupt): line 4: unterminated (torn) last line; no journaled rebind is replayed -- journal unhealthy, rebinds refused until an operator inspects it and calls clear_journal_fence()
Rebind journal /tmp/hive-astra-7718/20261008-astra-7718/reset-cases/markers-11-before-Crash.jsonl is FENCED (legacy): pre-v5 rebind journal artifact(s) present: /tmp/hive-astra-7718/20261008-astra-7718/reset-cases/markers-11-before-Crash.jsonl.fence; /tmp/hive-astra-7718/20261008-astra-7718/reset-cases/markers-11-before-Crash.jsonl.fence.tmp. MIGRATION: nothing in them is replayed and new rebinds are refused. Inspect them, then call clear_journal_fence(actor=..., reason=...) -- it archives the old journal byte-for-byte, moves old fence files aside and starts a new v5 journal -- and re-issue each rebind still wanted with rebind_plan_owner() -- journal unhealthy, rebinds refused until an operator inspects it and calls clear_journal_fence()
Rebind journal /tmp/hive-astra-7718/20261008-astra-7718/reset-cases/markers-11-before-Crash.jsonl is FENCED (legacy): pre-v5 rebind journal artifact(s) present: /tmp/hive-astra-7718/20261008-astra-7718/reset-cases/markers-11-before-Crash.jsonl.fence; /tmp/hive-astra-7718/20261008-astra-7718/reset-cases/markers-11-before-Crash.jsonl.fence.tmp. MIGRATION: nothing in them is replayed and new rebinds are refused. Inspect them, then call clear_journal_fence(actor=..., reason=...) -- it archives the old journal byte-for-byte, moves old fence files aside and starts a new v5 journal -- and re-issue each rebind still wanted with rebind_plan_owner() -- journal unhealthy, rebinds refused until an operator inspects it and calls clear_journal_fence()
Rebind journal /tmp/hive-astra-7718/20261008-astra-7718/reset-cases/markers-11-before-Crash.jsonl is FENCED (legacy): pre-v5 rebind journal artifact(s) present: /tmp/hive-astra-7718/20261008-astra-7718/reset-cases/markers-11-before-Crash.jsonl.fence; /tmp/hive-astra-7718/20261008-astra-7718/reset-cases/markers-11-before-Crash.jsonl.fence.tmp. MIGRATION: nothing in them is replayed and new rebinds are refused. Inspect them, then call clear_journal_fence(actor=..., reason=...) -- it archives the old journal byte-for-byte, moves old fence files aside and starts a new v5 journal -- and re-issue each rebind still wanted with rebind_plan_owner() -- journal unhealthy, rebinds refused until an operator inspects it and calls clear_journal_fence()
Rebind journal /tmp/hive-astra-7718/20261008-astra-7718/reset-cases/markers-11-before-OSError.jsonl line 4: unterminated (torn) last line
Rebind journal /tmp/hive-astra-7718/20261008-astra-7718/reset-cases/markers-11-before-OSError.jsonl is FENCED (corrupt): line 4: unterminated (torn) last line; no journaled rebind is replayed -- journal unhealthy, rebinds refused until an operator inspects it and calls clear_journal_fence()
Rebind journal /tmp/hive-astra-7718/20261008-astra-7718/reset-cases/markers-11-before-OSError.jsonl is FENCED (legacy): pre-v5 rebind journal artifact(s) present: /tmp/hive-astra-7718/20261008-astra-7718/reset-cases/markers-11-before-OSError.jsonl.fence; /tmp/hive-astra-7718/20261008-astra-7718/reset-cases/markers-11-before-OSError.jsonl.fence.tmp. MIGRATION: nothing in them is replayed and new rebinds are refused. Inspect them, then call clear_journal_fence(actor=..., reason=...) -- it archives the old journal byte-for-byte, moves old fence files aside and starts a new v5 journal -- and re-issue each rebind still wanted with rebind_plan_owner() -- journal unhealthy, rebinds refused until an operator inspects it and calls clear_journal_fence()
Rebind journal /tmp/hive-astra-7718/20261008-astra-7718/reset-cases/markers-11-before-OSError.jsonl is FENCED (legacy): pre-v5 rebind journal artifact(s) present: /tmp/hive-astra-7718/20261008-astra-7718/reset-cases/markers-11-before-OSError.jsonl.fence; /tmp/hive-astra-7718/20261008-astra-7718/reset-cases/markers-11-before-OSError.jsonl.fence.tmp. MIGRATION: nothing in them is replayed and new rebinds are refused. Inspect them, then call clear_journal_fence(actor=..., reason=...) -- it archives the old journal byte-for-byte, moves old fence files aside and starts a new v5 journal -- and re-issue each rebind still wanted with rebind_plan_owner() -- journal unhealthy, rebinds refused until an operator inspects it and calls clear_journal_fence()
Rebind journal /tmp/hive-astra-7718/20261008-astra-7718/reset-cases/markers-11-before-OSError.jsonl is FENCED (legacy): pre-v5 rebind journal artifact(s) present: /tmp/hive-astra-7718/20261008-astra-7718/reset-cases/markers-11-before-OSError.jsonl.fence; /tmp/hive-astra-7718/20261008-astra-7718/reset-cases/markers-11-before-OSError.jsonl.fence.tmp. MIGRATION: nothing in them is replayed and new rebinds are refused. Inspect them, then call clear_journal_fence(actor=..., reason=...) -- it archives the old journal byte-for-byte, moves old fence files aside and starts a new v5 journal -- and re-issue each rebind still wanted with rebind_plan_owner() -- journal unhealthy, rebinds refused until an operator inspects it and calls clear_journal_fence()
Rebind journal /tmp/hive-astra-7718/20261008-astra-7718/reset-cases/markers-11-after-Crash.jsonl line 4: unterminated (torn) last line
Rebind journal /tmp/hive-astra-7718/20261008-astra-7718/reset-cases/markers-11-after-Crash.jsonl is FENCED (corrupt): line 4: unterminated (torn) last line; no journaled rebind is replayed -- journal unhealthy, rebinds refused until an operator inspects it and calls clear_journal_fence()
Rebind journal /tmp/hive-astra-7718/20261008-astra-7718/reset-cases/markers-11-after-Crash.jsonl is FENCED (legacy): pre-v5 rebind journal artifact(s) present: /tmp/hive-astra-7718/20261008-astra-7718/reset-cases/markers-11-after-Crash.jsonl.fence; /tmp/hive-astra-7718/20261008-astra-7718/reset-cases/markers-11-after-Crash.jsonl.fence.tmp. MIGRATION: nothing in them is replayed and new rebinds are refused. Inspect them, then call clear_journal_fence(actor=..., reason=...) -- it archives the old journal byte-for-byte, moves old fence files aside and starts a new v5 journal -- and re-issue each rebind still wanted with rebind_plan_owner() -- journal unhealthy, rebinds refused until an operator inspects it and calls clear_journal_fence()
Rebind journal /tmp/hive-astra-7718/20261008-astra-7718/reset-cases/markers-11-after-Crash.jsonl is FENCED (legacy): pre-v5 rebind journal artifact(s) present: /tmp/hive-astra-7718/20261008-astra-7718/reset-cases/markers-11-after-Crash.jsonl.fence; /tmp/hive-astra-7718/20261008-astra-7718/reset-cases/markers-11-after-Crash.jsonl.fence.tmp. MIGRATION: nothing in them is replayed and new rebinds are refused. Inspect them, then call clear_journal_fence(actor=..., reason=...) -- it archives the old journal byte-for-byte, moves old fence files aside and starts a new v5 journal -- and re-issue each rebind still wanted with rebind_plan_owner() -- journal unhealthy, rebinds refused until an operator inspects it and calls clear_journal_fence()
Rebind journal /tmp/hive-astra-7718/20261008-astra-7718/reset-cases/markers-11-after-Crash.jsonl is FENCED (legacy): pre-v5 rebind journal artifact(s) present: /tmp/hive-astra-7718/20261008-astra-7718/reset-cases/markers-11-after-Crash.jsonl.fence; /tmp/hive-astra-7718/20261008-astra-7718/reset-cases/markers-11-after-Crash.jsonl.fence.tmp. MIGRATION: nothing in them is replayed and new rebinds are refused. Inspect them, then call clear_journal_fence(actor=..., reason=...) -- it archives the old journal byte-for-byte, moves old fence files aside and starts a new v5 journal -- and re-issue each rebind still wanted with rebind_plan_owner() -- journal unhealthy, rebinds refused until an operator inspects it and calls clear_journal_fence()
Rebind journal /tmp/hive-astra-7718/20261008-astra-7718/reset-cases/markers-11-after-OSError.jsonl line 4: unterminated (torn) last line
Rebind journal /tmp/hive-astra-7718/20261008-astra-7718/reset-cases/markers-11-after-OSError.jsonl is FENCED (corrupt): line 4: unterminated (torn) last line; no journaled rebind is replayed -- journal unhealthy, rebinds refused until an operator inspects it and calls clear_journal_fence()
Rebind journal /tmp/hive-astra-7718/20261008-astra-7718/reset-cases/markers-11-after-OSError.jsonl is FENCED (legacy): pre-v5 rebind journal artifact(s) present: /tmp/hive-astra-7718/20261008-astra-7718/reset-cases/markers-11-after-OSError.jsonl.fence; /tmp/hive-astra-7718/20261008-astra-7718/reset-cases/markers-11-after-OSError.jsonl.fence.tmp. MIGRATION: nothing in them is replayed and new rebinds are refused. Inspect them, then call clear_journal_fence(actor=..., reason=...) -- it archives the old journal byte-for-byte, moves old fence files aside and starts a new v5 journal -- and re-issue each rebind still wanted with rebind_plan_owner() -- journal unhealthy, rebinds refused until an operator inspects it and calls clear_journal_fence()
Rebind journal /tmp/hive-astra-7718/20261008-astra-7718/reset-cases/markers-11-after-OSError.jsonl is FENCED (legacy): pre-v5 rebind journal artifact(s) present: /tmp/hive-astra-7718/20261008-astra-7718/reset-cases/markers-11-after-OSError.jsonl.fence; /tmp/hive-astra-7718/20261008-astra-7718/reset-cases/markers-11-after-OSError.jsonl.fence.tmp. MIGRATION: nothing in them is replayed and new rebinds are refused. Inspect them, then call clear_journal_fence(actor=..., reason=...) -- it archives the old journal byte-for-byte, moves old fence files aside and starts a new v5 journal -- and re-issue each rebind still wanted with rebind_plan_owner() -- journal unhealthy, rebinds refused until an operator inspects it and calls clear_journal_fence()
Rebind journal /tmp/hive-astra-7718/20261008-astra-7718/reset-cases/markers-11-after-OSError.jsonl is FENCED (legacy): pre-v5 rebind journal artifact(s) present: /tmp/hive-astra-7718/20261008-astra-7718/reset-cases/markers-11-after-OSError.jsonl.fence; /tmp/hive-astra-7718/20261008-astra-7718/reset-cases/markers-11-after-OSError.jsonl.fence.tmp. MIGRATION: nothing in them is replayed and new rebinds are refused. Inspect them, then call clear_journal_fence(actor=..., reason=...) -- it archives the old journal byte-for-byte, moves old fence files aside and starts a new v5 journal -- and re-issue each rebind still wanted with rebind_plan_owner() -- journal unhealthy, rebinds refused until an operator inspects it and calls clear_journal_fence()
Rebind journal /tmp/hive-astra-7718/20261008-astra-7718/reset-cases/markers-12-before-Crash.jsonl line 4: unterminated (torn) last line
Rebind journal /tmp/hive-astra-7718/20261008-astra-7718/reset-cases/markers-12-before-Crash.jsonl is FENCED (corrupt): line 4: unterminated (torn) last line; no journaled rebind is replayed -- journal unhealthy, rebinds refused until an operator inspects it and calls clear_journal_fence()
Rebind journal /tmp/hive-astra-7718/20261008-astra-7718/reset-cases/markers-12-before-Crash.jsonl is FENCED (legacy): pre-v5 rebind journal artifact(s) present: /tmp/hive-astra-7718/20261008-astra-7718/reset-cases/markers-12-before-Crash.jsonl.fence; /tmp/hive-astra-7718/20261008-astra-7718/reset-cases/markers-12-before-Crash.jsonl.fence.tmp. MIGRATION: nothing in them is replayed and new rebinds are refused. Inspect them, then call clear_journal_fence(actor=..., reason=...) -- it archives the old journal byte-for-byte, moves old fence files aside and starts a new v5 journal -- and re-issue each rebind still wanted with rebind_plan_owner() -- journal unhealthy, rebinds refused until an operator inspects it and calls clear_journal_fence()
Rebind journal /tmp/hive-astra-7718/20261008-astra-7718/reset-cases/markers-12-before-Crash.jsonl is FENCED (legacy): pre-v5 rebind journal artifact(s) present: /tmp/hive-astra-7718/20261008-astra-7718/reset-cases/markers-12-before-Crash.jsonl.fence; /tmp/hive-astra-7718/20261008-astra-7718/reset-cases/markers-12-before-Crash.jsonl.fence.tmp. MIGRATION: nothing in them is replayed and new rebinds are refused. Inspect them, then call clear_journal_fence(actor=..., reason=...) -- it archives the old journal byte-for-byte, moves old fence files aside and starts a new v5 journal -- and re-issue each rebind still wanted with rebind_plan_owner() -- journal unhealthy, rebinds refused until an operator inspects it and calls clear_journal_fence()
Rebind journal /tmp/hive-astra-7718/20261008-astra-7718/reset-cases/markers-12-before-Crash.jsonl is FENCED (legacy): pre-v5 rebind journal artifact(s) present: /tmp/hive-astra-7718/20261008-astra-7718/reset-cases/markers-12-before-Crash.jsonl.fence; /tmp/hive-astra-7718/20261008-astra-7718/reset-cases/markers-12-before-Crash.jsonl.fence.tmp. MIGRATION: nothing in them is replayed and new rebinds are refused. Inspect them, then call clear_journal_fence(actor=..., reason=...) -- it archives the old journal byte-for-byte, moves old fence files aside and starts a new v5 journal -- and re-issue each rebind still wanted with rebind_plan_owner() -- journal unhealthy, rebinds refused until an operator inspects it and calls clear_journal_fence()
Rebind journal /tmp/hive-astra-7718/20261008-astra-7718/reset-cases/markers-12-before-OSError.jsonl line 4: unterminated (torn) last line
Rebind journal /tmp/hive-astra-7718/20261008-astra-7718/reset-cases/markers-12-before-OSError.jsonl is FENCED (corrupt): line 4: unterminated (torn) last line; no journaled rebind is replayed -- journal unhealthy, rebinds refused until an operator inspects it and calls clear_journal_fence()
Rebind journal /tmp/hive-astra-7718/20261008-astra-7718/reset-cases/markers-12-before-OSError.jsonl is FENCED (legacy): pre-v5 rebind journal artifact(s) present: /tmp/hive-astra-7718/20261008-astra-7718/reset-cases/markers-12-before-OSError.jsonl.fence; /tmp/hive-astra-7718/20261008-astra-7718/reset-cases/markers-12-before-OSError.jsonl.fence.tmp. MIGRATION: nothing in them is replayed and new rebinds are refused. Inspect them, then call clear_journal_fence(actor=..., reason=...) -- it archives the old journal byte-for-byte, moves old fence files aside and starts a new v5 journal -- and re-issue each rebind still wanted with rebind_plan_owner() -- journal unhealthy, rebinds refused until an operator inspects it and calls clear_journal_fence()
Rebind journal /tmp/hive-astra-7718/20261008-astra-7718/reset-cases/markers-12-before-OSError.jsonl is FENCED (legacy): pre-v5 rebind journal artifact(s) present: /tmp/hive-astra-7718/20261008-astra-7718/reset-cases/markers-12-before-OSError.jsonl.fence; /tmp/hive-astra-7718/20261008-astra-7718/reset-cases/markers-12-before-OSError.jsonl.fence.tmp. MIGRATION: nothing in them is replayed and new rebinds are refused. Inspect them, then call clear_journal_fence(actor=..., reason=...) -- it archives the old journal byte-for-byte, moves old fence files aside and starts a new v5 journal -- and re-issue each rebind still wanted with rebind_plan_owner() -- journal unhealthy, rebinds refused until an operator inspects it and calls clear_journal_fence()
Rebind journal /tmp/hive-astra-7718/20261008-astra-7718/reset-cases/markers-12-before-OSError.jsonl is FENCED (legacy): pre-v5 rebind journal artifact(s) present: /tmp/hive-astra-7718/20261008-astra-7718/reset-cases/markers-12-before-OSError.jsonl.fence; /tmp/hive-astra-7718/20261008-astra-7718/reset-cases/markers-12-before-OSError.jsonl.fence.tmp. MIGRATION: nothing in them is replayed and new rebinds are refused. Inspect them, then call clear_journal_fence(actor=..., reason=...) -- it archives the old journal byte-for-byte, moves old fence files aside and starts a new v5 journal -- and re-issue each rebind still wanted with rebind_plan_owner() -- journal unhealthy, rebinds refused until an operator inspects it and calls clear_journal_fence()
Rebind journal /tmp/hive-astra-7718/20261008-astra-7718/reset-cases/markers-12-after-Crash.jsonl line 4: unterminated (torn) last line
Rebind journal /tmp/hive-astra-7718/20261008-astra-7718/reset-cases/markers-12-after-Crash.jsonl is FENCED (corrupt): line 4: unterminated (torn) last line; no journaled rebind is replayed -- journal unhealthy, rebinds refused until an operator inspects it and calls clear_journal_fence()
Rebind journal /tmp/hive-astra-7718/20261008-astra-7718/reset-cases/markers-12-after-Crash.jsonl is FENCED (legacy): pre-v5 rebind journal artifact(s) present: /tmp/hive-astra-7718/20261008-astra-7718/reset-cases/markers-12-after-Crash.jsonl.fence; /tmp/hive-astra-7718/20261008-astra-7718/reset-cases/markers-12-after-Crash.jsonl.fence.tmp. MIGRATION: nothing in them is replayed and new rebinds are refused. Inspect them, then call clear_journal_fence(actor=..., reason=...) -- it archives the old journal byte-for-byte, moves old fence files aside and starts a new v5 journal -- and re-issue each rebind still wanted with rebind_plan_owner() -- journal unhealthy, rebinds refused until an operator inspects it and calls clear_journal_fence()
Rebind journal /tmp/hive-astra-7718/20261008-astra-7718/reset-cases/markers-12-after-Crash.jsonl is FENCED (legacy): pre-v5 rebind journal artifact(s) present: /tmp/hive-astra-7718/20261008-astra-7718/reset-cases/markers-12-after-Crash.jsonl.fence; /tmp/hive-astra-7718/20261008-astra-7718/reset-cases/markers-12-after-Crash.jsonl.fence.tmp. MIGRATION: nothing in them is replayed and new rebinds are refused. Inspect them, then call clear_journal_fence(actor=..., reason=...) -- it archives the old journal byte-for-byte, moves old fence files aside and starts a new v5 journal -- and re-issue each rebind still wanted with rebind_plan_owner() -- journal unhealthy, rebinds refused until an operator inspects it and calls clear_journal_fence()
Rebind journal /tmp/hive-astra-7718/20261008-astra-7718/reset-cases/markers-12-after-Crash.jsonl is FENCED (legacy): pre-v5 rebind journal artifact(s) present: /tmp/hive-astra-7718/20261008-astra-7718/reset-cases/markers-12-after-Crash.jsonl.fence; /tmp/hive-astra-7718/20261008-astra-7718/reset-cases/markers-12-after-Crash.jsonl.fence.tmp. MIGRATION: nothing in them is replayed and new rebinds are refused. Inspect them, then call clear_journal_fence(actor=..., reason=...) -- it archives the old journal byte-for-byte, moves old fence files aside and starts a new v5 journal -- and re-issue each rebind still wanted with rebind_plan_owner() -- journal unhealthy, rebinds refused until an operator inspects it and calls clear_journal_fence()
Rebind journal /tmp/hive-astra-7718/20261008-astra-7718/reset-cases/markers-12-after-OSError.jsonl line 4: unterminated (torn) last line
Rebind journal /tmp/hive-astra-7718/20261008-astra-7718/reset-cases/markers-12-after-OSError.jsonl is FENCED (corrupt): line 4: unterminated (torn) last line; no journaled rebind is replayed -- journal unhealthy, rebinds refused until an operator inspects it and calls clear_journal_fence()
Rebind journal /tmp/hive-astra-7718/20261008-astra-7718/reset-cases/markers-12-after-OSError.jsonl is FENCED (legacy): pre-v5 rebind journal artifact(s) present: /tmp/hive-astra-7718/20261008-astra-7718/reset-cases/markers-12-after-OSError.jsonl.fence; /tmp/hive-astra-7718/20261008-astra-7718/reset-cases/markers-12-after-OSError.jsonl.fence.tmp. MIGRATION: nothing in them is replayed and new rebinds are refused. Inspect them, then call clear_journal_fence(actor=..., reason=...) -- it archives the old journal byte-for-byte, moves old fence files aside and starts a new v5 journal -- and re-issue each rebind still wanted with rebind_plan_owner() -- journal unhealthy, rebinds refused until an operator inspects it and calls clear_journal_fence()
Rebind journal /tmp/hive-astra-7718/20261008-astra-7718/reset-cases/markers-12-after-OSError.jsonl is FENCED (legacy): pre-v5 rebind journal artifact(s) present: /tmp/hive-astra-7718/20261008-astra-7718/reset-cases/markers-12-after-OSError.jsonl.fence; /tmp/hive-astra-7718/20261008-astra-7718/reset-cases/markers-12-after-OSError.jsonl.fence.tmp. MIGRATION: nothing in them is replayed and new rebinds are refused. Inspect them, then call clear_journal_fence(actor=..., reason=...) -- it archives the old journal byte-for-byte, moves old fence files aside and starts a new v5 journal -- and re-issue each rebind still wanted with rebind_plan_owner() -- journal unhealthy, rebinds refused until an operator inspects it and calls clear_journal_fence()
Rebind journal /tmp/hive-astra-7718/20261008-astra-7718/reset-cases/markers-12-after-OSError.jsonl is FENCED (legacy): pre-v5 rebind journal artifact(s) present: /tmp/hive-astra-7718/20261008-astra-7718/reset-cases/markers-12-after-OSError.jsonl.fence; /tmp/hive-astra-7718/20261008-astra-7718/reset-cases/markers-12-after-OSError.jsonl.fence.tmp. MIGRATION: nothing in them is replayed and new rebinds are refused. Inspect them, then call clear_journal_fence(actor=..., reason=...) -- it archives the old journal byte-for-byte, moves old fence files aside and starts a new v5 journal -- and re-issue each rebind still wanted with rebind_plan_owner() -- journal unhealthy, rebinds refused until an operator inspects it and calls clear_journal_fence()
Rebind journal /tmp/hive-astra-7718/20261008-astra-7718/reset-cases/markers-13-before-Crash.jsonl line 4: unterminated (torn) last line
Rebind journal /tmp/hive-astra-7718/20261008-astra-7718/reset-cases/markers-13-before-Crash.jsonl is FENCED (corrupt): line 4: unterminated (torn) last line; no journaled rebind is replayed -- journal unhealthy, rebinds refused until an operator inspects it and calls clear_journal_fence()
Rebind journal /tmp/hive-astra-7718/20261008-astra-7718/reset-cases/markers-13-before-Crash.jsonl is FENCED (legacy): pre-v5 rebind journal artifact(s) present: /tmp/hive-astra-7718/20261008-astra-7718/reset-cases/markers-13-before-Crash.jsonl.fence; /tmp/hive-astra-7718/20261008-astra-7718/reset-cases/markers-13-before-Crash.jsonl.fence.tmp. MIGRATION: nothing in them is replayed and new rebinds are refused. Inspect them, then call clear_journal_fence(actor=..., reason=...) -- it archives the old journal byte-for-byte, moves old fence files aside and starts a new v5 journal -- and re-issue each rebind still wanted with rebind_plan_owner() -- journal unhealthy, rebinds refused until an operator inspects it and calls clear_journal_fence()
Rebind journal /tmp/hive-astra-7718/20261008-astra-7718/reset-cases/markers-13-before-Crash.jsonl is FENCED (legacy): pre-v5 rebind journal artifact(s) present: /tmp/hive-astra-7718/20261008-astra-7718/reset-cases/markers-13-before-Crash.jsonl.fence; /tmp/hive-astra-7718/20261008-astra-7718/reset-cases/markers-13-before-Crash.jsonl.fence.tmp. MIGRATION: nothing in them is replayed and new rebinds are refused. Inspect them, then call clear_journal_fence(actor=..., reason=...) -- it archives the old journal byte-for-byte, moves old fence files aside and starts a new v5 journal -- and re-issue each rebind still wanted with rebind_plan_owner() -- journal unhealthy, rebinds refused until an operator inspects it and calls clear_journal_fence()
Rebind journal /tmp/hive-astra-7718/20261008-astra-7718/reset-cases/markers-13-before-Crash.jsonl is FENCED (legacy): pre-v5 rebind journal artifact(s) present: /tmp/hive-astra-7718/20261008-astra-7718/reset-cases/markers-13-before-Crash.jsonl.fence; /tmp/hive-astra-7718/20261008-astra-7718/reset-cases/markers-13-before-Crash.jsonl.fence.tmp. MIGRATION: nothing in them is replayed and new rebinds are refused. Inspect them, then call clear_journal_fence(actor=..., reason=...) -- it archives the old journal byte-for-byte, moves old fence files aside and starts a new v5 journal -- and re-issue each rebind still wanted with rebind_plan_owner() -- journal unhealthy, rebinds refused until an operator inspects it and calls clear_journal_fence()
Rebind journal /tmp/hive-astra-7718/20261008-astra-7718/reset-cases/markers-13-before-OSError.jsonl line 4: unterminated (torn) last line
Rebind journal /tmp/hive-astra-7718/20261008-astra-7718/reset-cases/markers-13-before-OSError.jsonl is FENCED (corrupt): line 4: unterminated (torn) last line; no journaled rebind is replayed -- journal unhealthy, rebinds refused until an operator inspects it and calls clear_journal_fence()
Rebind journal /tmp/hive-astra-7718/20261008-astra-7718/reset-cases/markers-13-before-OSError.jsonl is FENCED (legacy): pre-v5 rebind journal artifact(s) present: /tmp/hive-astra-7718/20261008-astra-7718/reset-cases/markers-13-before-OSError.jsonl.fence; /tmp/hive-astra-7718/20261008-astra-7718/reset-cases/markers-13-before-OSError.jsonl.fence.tmp. MIGRATION: nothing in them is replayed and new rebinds are refused. Inspect them, then call clear_journal_fence(actor=..., reason=...) -- it archives the old journal byte-for-byte, moves old fence files aside and starts a new v5 journal -- and re-issue each rebind still wanted with rebind_plan_owner() -- journal unhealthy, rebinds refused until an operator inspects it and calls clear_journal_fence()
Rebind journal /tmp/hive-astra-7718/20261008-astra-7718/reset-cases/markers-13-before-OSError.jsonl is FENCED (legacy): pre-v5 rebind journal artifact(s) present: /tmp/hive-astra-7718/20261008-astra-7718/reset-cases/markers-13-before-OSError.jsonl.fence; /tmp/hive-astra-7718/20261008-astra-7718/reset-cases/markers-13-before-OSError.jsonl.fence.tmp. MIGRATION: nothing in them is replayed and new rebinds are refused. Inspect them, then call clear_journal_fence(actor=..., reason=...) -- it archives the old journal byte-for-byte, moves old fence files aside and starts a new v5 journal -- and re-issue each rebind still wanted with rebind_plan_owner() -- journal unhealthy, rebinds refused until an operator inspects it and calls clear_journal_fence()
Rebind journal /tmp/hive-astra-7718/20261008-astra-7718/reset-cases/markers-13-before-OSError.jsonl is FENCED (legacy): pre-v5 rebind journal artifact(s) present: /tmp/hive-astra-7718/20261008-astra-7718/reset-cases/markers-13-before-OSError.jsonl.fence; /tmp/hive-astra-7718/20261008-astra-7718/reset-cases/markers-13-before-OSError.jsonl.fence.tmp. MIGRATION: nothing in them is replayed and new rebinds are refused. Inspect them, then call clear_journal_fence(actor=..., reason=...) -- it archives the old journal byte-for-byte, moves old fence files aside and starts a new v5 journal -- and re-issue each rebind still wanted with rebind_plan_owner() -- journal unhealthy, rebinds refused until an operator inspects it and calls clear_journal_fence()
Rebind journal /tmp/hive-astra-7718/20261008-astra-7718/reset-cases/markers-13-after-Crash.jsonl line 4: unterminated (torn) last line
Rebind journal /tmp/hive-astra-7718/20261008-astra-7718/reset-cases/markers-13-after-Crash.jsonl is FENCED (corrupt): line 4: unterminated (torn) last line; no journaled rebind is replayed -- journal unhealthy, rebinds refused until an operator inspects it and calls clear_journal_fence()
Rebind journal /tmp/hive-astra-7718/20261008-astra-7718/reset-cases/markers-13-after-Crash.jsonl is FENCED (legacy): pre-v5 rebind journal artifact(s) present: /tmp/hive-astra-7718/20261008-astra-7718/reset-cases/markers-13-after-Crash.jsonl.fence; /tmp/hive-astra-7718/20261008-astra-7718/reset-cases/markers-13-after-Crash.jsonl.fence.tmp. MIGRATION: nothing in them is replayed and new rebinds are refused. Inspect them, then call clear_journal_fence(actor=..., reason=...) -- it archives the old journal byte-for-byte, moves old fence files aside and starts a new v5 journal -- and re-issue each rebind still wanted with rebind_plan_owner() -- journal unhealthy, rebinds refused until an operator inspects it and calls clear_journal_fence()
Rebind journal /tmp/hive-astra-7718/20261008-astra-7718/reset-cases/markers-13-after-Crash.jsonl is FENCED (legacy): pre-v5 rebind journal artifact(s) present: /tmp/hive-astra-7718/20261008-astra-7718/reset-cases/markers-13-after-Crash.jsonl.fence; /tmp/hive-astra-7718/20261008-astra-7718/reset-cases/markers-13-after-Crash.jsonl.fence.tmp. MIGRATION: nothing in them is replayed and new rebinds are refused. Inspect them, then call clear_journal_fence(actor=..., reason=...) -- it archives the old journal byte-for-byte, moves old fence files aside and starts a new v5 journal -- and re-issue each rebind still wanted with rebind_plan_owner() -- journal unhealthy, rebinds refused until an operator inspects it and calls clear_journal_fence()
Rebind journal /tmp/hive-astra-7718/20261008-astra-7718/reset-cases/markers-13-after-Crash.jsonl is FENCED (legacy): pre-v5 rebind journal artifact(s) present: /tmp/hive-astra-7718/20261008-astra-7718/reset-cases/markers-13-after-Crash.jsonl.fence; /tmp/hive-astra-7718/20261008-astra-7718/reset-cases/markers-13-after-Crash.jsonl.fence.tmp. MIGRATION: nothing in them is replayed and new rebinds are refused. Inspect them, then call clear_journal_fence(actor=..., reason=...) -- it archives the old journal byte-for-byte, moves old fence files aside and starts a new v5 journal -- and re-issue each rebind still wanted with rebind_plan_owner() -- journal unhealthy, rebinds refused until an operator inspects it and calls clear_journal_fence()
Rebind journal /tmp/hive-astra-7718/20261008-astra-7718/reset-cases/markers-13-after-OSError.jsonl line 4: unterminated (torn) last line
Rebind journal /tmp/hive-astra-7718/20261008-astra-7718/reset-cases/markers-13-after-OSError.jsonl is FENCED (corrupt): line 4: unterminated (torn) last line; no journaled rebind is replayed -- journal unhealthy, rebinds refused until an operator inspects it and calls clear_journal_fence()
Rebind journal /tmp/hive-astra-7718/20261008-astra-7718/reset-cases/markers-13-after-OSError.jsonl is FENCED (legacy): pre-v5 rebind journal artifact(s) present: /tmp/hive-astra-7718/20261008-astra-7718/reset-cases/markers-13-after-OSError.jsonl.fence; /tmp/hive-astra-7718/20261008-astra-7718/reset-cases/markers-13-after-OSError.jsonl.fence.tmp. MIGRATION: nothing in them is replayed and new rebinds are refused. Inspect them, then call clear_journal_fence(actor=..., reason=...) -- it archives the old journal byte-for-byte, moves old fence files aside and starts a new v5 journal -- and re-issue each rebind still wanted with rebind_plan_owner() -- journal unhealthy, rebinds refused until an operator inspects it and calls clear_journal_fence()
Rebind journal /tmp/hive-astra-7718/20261008-astra-7718/reset-cases/markers-13-after-OSError.jsonl is FENCED (legacy): pre-v5 rebind journal artifact(s) present: /tmp/hive-astra-7718/20261008-astra-7718/reset-cases/markers-13-after-OSError.jsonl.fence; /tmp/hive-astra-7718/20261008-astra-7718/reset-cases/markers-13-after-OSError.jsonl.fence.tmp. MIGRATION: nothing in them is replayed and new rebinds are refused. Inspect them, then call clear_journal_fence(actor=..., reason=...) -- it archives the old journal byte-for-byte, moves old fence files aside and starts a new v5 journal -- and re-issue each rebind still wanted with rebind_plan_owner() -- journal unhealthy, rebinds refused until an operator inspects it and calls clear_journal_fence()
Rebind journal /tmp/hive-astra-7718/20261008-astra-7718/reset-cases/markers-13-after-OSError.jsonl is FENCED (legacy): pre-v5 rebind journal artifact(s) present: /tmp/hive-astra-7718/20261008-astra-7718/reset-cases/markers-13-after-OSError.jsonl.fence; /tmp/hive-astra-7718/20261008-astra-7718/reset-cases/markers-13-after-OSError.jsonl.fence.tmp. MIGRATION: nothing in them is replayed and new rebinds are refused. Inspect them, then call clear_journal_fence(actor=..., reason=...) -- it archives the old journal byte-for-byte, moves old fence files aside and starts a new v5 journal -- and re-issue each rebind still wanted with rebind_plan_owner() -- journal unhealthy, rebinds refused until an operator inspects it and calls clear_journal_fence()
Rebind journal /tmp/hive-astra-7718/20261008-astra-7718/reset-cases/markers-14-before-Crash.jsonl line 4: unterminated (torn) last line
Rebind journal /tmp/hive-astra-7718/20261008-astra-7718/reset-cases/markers-14-before-Crash.jsonl is FENCED (corrupt): line 4: unterminated (torn) last line; no journaled rebind is replayed -- journal unhealthy, rebinds refused until an operator inspects it and calls clear_journal_fence()
Rebind journal /tmp/hive-astra-7718/20261008-astra-7718/reset-cases/markers-14-before-Crash.jsonl is FENCED (legacy): pre-v5 rebind journal artifact(s) present: /tmp/hive-astra-7718/20261008-astra-7718/reset-cases/markers-14-before-Crash.jsonl.fence; /tmp/hive-astra-7718/20261008-astra-7718/reset-cases/markers-14-before-Crash.jsonl.fence.tmp. MIGRATION: nothing in them is replayed and new rebinds are refused. Inspect them, then call clear_journal_fence(actor=..., reason=...) -- it archives the old journal byte-for-byte, moves old fence files aside and starts a new v5 journal -- and re-issue each rebind still wanted with rebind_plan_owner() -- journal unhealthy, rebinds refused until an operator inspects it and calls clear_journal_fence()
Rebind journal /tmp/hive-astra-7718/20261008-astra-7718/reset-cases/markers-14-before-Crash.jsonl is FENCED (legacy): pre-v5 rebind journal artifact(s) present: /tmp/hive-astra-7718/20261008-astra-7718/reset-cases/markers-14-before-Crash.jsonl.fence; /tmp/hive-astra-7718/20261008-astra-7718/reset-cases/markers-14-before-Crash.jsonl.fence.tmp. MIGRATION: nothing in them is replayed and new rebinds are refused. Inspect them, then call clear_journal_fence(actor=..., reason=...) -- it archives the old journal byte-for-byte, moves old fence files aside and starts a new v5 journal -- and re-issue each rebind still wanted with rebind_plan_owner() -- journal unhealthy, rebinds refused until an operator inspects it and calls clear_journal_fence()
Rebind journal /tmp/hive-astra-7718/20261008-astra-7718/reset-cases/markers-14-before-Crash.jsonl is FENCED (legacy): pre-v5 rebind journal artifact(s) present: /tmp/hive-astra-7718/20261008-astra-7718/reset-cases/markers-14-before-Crash.jsonl.fence; /tmp/hive-astra-7718/20261008-astra-7718/reset-cases/markers-14-before-Crash.jsonl.fence.tmp. MIGRATION: nothing in them is replayed and new rebinds are refused. Inspect them, then call clear_journal_fence(actor=..., reason=...) -- it archives the old journal byte-for-byte, moves old fence files aside and starts a new v5 journal -- and re-issue each rebind still wanted with rebind_plan_owner() -- journal unhealthy, rebinds refused until an operator inspects it and calls clear_journal_fence()
Rebind journal /tmp/hive-astra-7718/20261008-astra-7718/reset-cases/markers-14-before-OSError.jsonl line 4: unterminated (torn) last line
Rebind journal /tmp/hive-astra-7718/20261008-astra-7718/reset-cases/markers-14-before-OSError.jsonl is FENCED (corrupt): line 4: unterminated (torn) last line; no journaled rebind is replayed -- journal unhealthy, rebinds refused until an operator inspects it and calls clear_journal_fence()
Rebind journal /tmp/hive-astra-7718/20261008-astra-7718/reset-cases/markers-14-before-OSError.jsonl is FENCED (legacy): pre-v5 rebind journal artifact(s) present: /tmp/hive-astra-7718/20261008-astra-7718/reset-cases/markers-14-before-OSError.jsonl.fence; /tmp/hive-astra-7718/20261008-astra-7718/reset-cases/markers-14-before-OSError.jsonl.fence.tmp. MIGRATION: nothing in them is replayed and new rebinds are refused. Inspect them, then call clear_journal_fence(actor=..., reason=...) -- it archives the old journal byte-for-byte, moves old fence files aside and starts a new v5 journal -- and re-issue each rebind still wanted with rebind_plan_owner() -- journal unhealthy, rebinds refused until an operator inspects it and calls clear_journal_fence()
Rebind journal /tmp/hive-astra-7718/20261008-astra-7718/reset-cases/markers-14-before-OSError.jsonl is FENCED (legacy): pre-v5 rebind journal artifact(s) present: /tmp/hive-astra-7718/20261008-astra-7718/reset-cases/markers-14-before-OSError.jsonl.fence; /tmp/hive-astra-7718/20261008-astra-7718/reset-cases/markers-14-before-OSError.jsonl.fence.tmp. MIGRATION: nothing in them is replayed and new rebinds are refused. Inspect them, then call clear_journal_fence(actor=..., reason=...) -- it archives the old journal byte-for-byte, moves old fence files aside and starts a new v5 journal -- and re-issue each rebind still wanted with rebind_plan_owner() -- journal unhealthy, rebinds refused until an operator inspects it and calls clear_journal_fence()
Rebind journal /tmp/hive-astra-7718/20261008-astra-7718/reset-cases/markers-14-before-OSError.jsonl is FENCED (legacy): pre-v5 rebind journal artifact(s) present: /tmp/hive-astra-7718/20261008-astra-7718/reset-cases/markers-14-before-OSError.jsonl.fence; /tmp/hive-astra-7718/20261008-astra-7718/reset-cases/markers-14-before-OSError.jsonl.fence.tmp. MIGRATION: nothing in them is replayed and new rebinds are refused. Inspect them, then call clear_journal_fence(actor=..., reason=...) -- it archives the old journal byte-for-byte, moves old fence files aside and starts a new v5 journal -- and re-issue each rebind still wanted with rebind_plan_owner() -- journal unhealthy, rebinds refused until an operator inspects it and calls clear_journal_fence()
Rebind journal /tmp/hive-astra-7718/20261008-astra-7718/reset-cases/markers-14-after-Crash.jsonl line 4: unterminated (torn) last line
Rebind journal /tmp/hive-astra-7718/20261008-astra-7718/reset-cases/markers-14-after-Crash.jsonl is FENCED (corrupt): line 4: unterminated (torn) last line; no journaled rebind is replayed -- journal unhealthy, rebinds refused until an operator inspects it and calls clear_journal_fence()
Rebind journal /tmp/hive-astra-7718/20261008-astra-7718/reset-cases/markers-14-after-Crash.jsonl is FENCED (legacy): pre-v5 rebind journal artifact(s) present: /tmp/hive-astra-7718/20261008-astra-7718/reset-cases/markers-14-after-Crash.jsonl.fence; /tmp/hive-astra-7718/20261008-astra-7718/reset-cases/markers-14-after-Crash.jsonl.fence.tmp. MIGRATION: nothing in them is replayed and new rebinds are refused. Inspect them, then call clear_journal_fence(actor=..., reason=...) -- it archives the old journal byte-for-byte, moves old fence files aside and starts a new v5 journal -- and re-issue each rebind still wanted with rebind_plan_owner() -- journal unhealthy, rebinds refused until an operator inspects it and calls clear_journal_fence()
Rebind journal /tmp/hive-astra-7718/20261008-astra-7718/reset-cases/markers-14-after-Crash.jsonl is FENCED (legacy): pre-v5 rebind journal artifact(s) present: /tmp/hive-astra-7718/20261008-astra-7718/reset-cases/markers-14-after-Crash.jsonl.fence; /tmp/hive-astra-7718/20261008-astra-7718/reset-cases/markers-14-after-Crash.jsonl.fence.tmp. MIGRATION: nothing in them is replayed and new rebinds are refused. Inspect them, then call clear_journal_fence(actor=..., reason=...) -- it archives the old journal byte-for-byte, moves old fence files aside and starts a new v5 journal -- and re-issue each rebind still wanted with rebind_plan_owner() -- journal unhealthy, rebinds refused until an operator inspects it and calls clear_journal_fence()
Rebind journal /tmp/hive-astra-7718/20261008-astra-7718/reset-cases/markers-14-after-Crash.jsonl is FENCED (legacy): pre-v5 rebind journal artifact(s) present: /tmp/hive-astra-7718/20261008-astra-7718/reset-cases/markers-14-after-Crash.jsonl.fence; /tmp/hive-astra-7718/20261008-astra-7718/reset-cases/markers-14-after-Crash.jsonl.fence.tmp. MIGRATION: nothing in them is replayed and new rebinds are refused. Inspect them, then call clear_journal_fence(actor=..., reason=...) -- it archives the old journal byte-for-byte, moves old fence files aside and starts a new v5 journal -- and re-issue each rebind still wanted with rebind_plan_owner() -- journal unhealthy, rebinds refused until an operator inspects it and calls clear_journal_fence()
Rebind journal /tmp/hive-astra-7718/20261008-astra-7718/reset-cases/markers-14-after-OSError.jsonl line 4: unterminated (torn) last line
Rebind journal /tmp/hive-astra-7718/20261008-astra-7718/reset-cases/markers-14-after-OSError.jsonl is FENCED (corrupt): line 4: unterminated (torn) last line; no journaled rebind is replayed -- journal unhealthy, rebinds refused until an operator inspects it and calls clear_journal_fence()
Rebind journal /tmp/hive-astra-7718/20261008-astra-7718/reset-cases/markers-14-after-OSError.jsonl is FENCED (legacy): pre-v5 rebind journal artifact(s) present: /tmp/hive-astra-7718/20261008-astra-7718/reset-cases/markers-14-after-OSError.jsonl.fence; /tmp/hive-astra-7718/20261008-astra-7718/reset-cases/markers-14-after-OSError.jsonl.fence.tmp. MIGRATION: nothing in them is replayed and new rebinds are refused. Inspect them, then call clear_journal_fence(actor=..., reason=...) -- it archives the old journal byte-for-byte, moves old fence files aside and starts a new v5 journal -- and re-issue each rebind still wanted with rebind_plan_owner() -- journal unhealthy, rebinds refused until an operator inspects it and calls clear_journal_fence()
Rebind journal /tmp/hive-astra-7718/20261008-astra-7718/reset-cases/markers-14-after-OSError.jsonl is FENCED (legacy): pre-v5 rebind journal artifact(s) present: /tmp/hive-astra-7718/20261008-astra-7718/reset-cases/markers-14-after-OSError.jsonl.fence; /tmp/hive-astra-7718/20261008-astra-7718/reset-cases/markers-14-after-OSError.jsonl.fence.tmp. MIGRATION: nothing in them is replayed and new rebinds are refused. Inspect them, then call clear_journal_fence(actor=..., reason=...) -- it archives the old journal byte-for-byte, moves old fence files aside and starts a new v5 journal -- and re-issue each rebind still wanted with rebind_plan_owner() -- journal unhealthy, rebinds refused until an operator inspects it and calls clear_journal_fence()
Rebind journal /tmp/hive-astra-7718/20261008-astra-7718/reset-cases/markers-14-after-OSError.jsonl is FENCED (legacy): pre-v5 rebind journal artifact(s) present: /tmp/hive-astra-7718/20261008-astra-7718/reset-cases/markers-14-after-OSError.jsonl.fence; /tmp/hive-astra-7718/20261008-astra-7718/reset-cases/markers-14-after-OSError.jsonl.fence.tmp. MIGRATION: nothing in them is replayed and new rebinds are refused. Inspect them, then call clear_journal_fence(actor=..., reason=...) -- it archives the old journal byte-for-byte, moves old fence files aside and starts a new v5 journal -- and re-issue each rebind still wanted with rebind_plan_owner() -- journal unhealthy, rebinds refused until an operator inspects it and calls clear_journal_fence()
Rebind journal /tmp/hive-astra-7718/20261008-astra-7718/reset-cases/markers-15-before-Crash.jsonl line 4: unterminated (torn) last line
Rebind journal /tmp/hive-astra-7718/20261008-astra-7718/reset-cases/markers-15-before-Crash.jsonl is FENCED (corrupt): line 4: unterminated (torn) last line; no journaled rebind is replayed -- journal unhealthy, rebinds refused until an operator inspects it and calls clear_journal_fence()
Rebind journal /tmp/hive-astra-7718/20261008-astra-7718/reset-cases/markers-15-before-Crash.jsonl is FENCED (legacy): pre-v5 rebind journal artifact(s) present: /tmp/hive-astra-7718/20261008-astra-7718/reset-cases/markers-15-before-Crash.jsonl.fence; /tmp/hive-astra-7718/20261008-astra-7718/reset-cases/markers-15-before-Crash.jsonl.fence.tmp. MIGRATION: nothing in them is replayed and new rebinds are refused. Inspect them, then call clear_journal_fence(actor=..., reason=...) -- it archives the old journal byte-for-byte, moves old fence files aside and starts a new v5 journal -- and re-issue each rebind still wanted with rebind_plan_owner() -- journal unhealthy, rebinds refused until an operator inspects it and calls clear_journal_fence()
Rebind journal /tmp/hive-astra-7718/20261008-astra-7718/reset-cases/markers-15-before-Crash.jsonl is FENCED (legacy): pre-v5 rebind journal artifact(s) present: /tmp/hive-astra-7718/20261008-astra-7718/reset-cases/markers-15-before-Crash.jsonl.fence; /tmp/hive-astra-7718/20261008-astra-7718/reset-cases/markers-15-before-Crash.jsonl.fence.tmp. MIGRATION: nothing in them is replayed and new rebinds are refused. Inspect them, then call clear_journal_fence(actor=..., reason=...) -- it archives the old journal byte-for-byte, moves old fence files aside and starts a new v5 journal -- and re-issue each rebind still wanted with rebind_plan_owner() -- journal unhealthy, rebinds refused until an operator inspects it and calls clear_journal_fence()
Rebind journal /tmp/hive-astra-7718/20261008-astra-7718/reset-cases/markers-15-before-Crash.jsonl is FENCED (legacy): pre-v5 rebind journal artifact(s) present: /tmp/hive-astra-7718/20261008-astra-7718/reset-cases/markers-15-before-Crash.jsonl.fence; /tmp/hive-astra-7718/20261008-astra-7718/reset-cases/markers-15-before-Crash.jsonl.fence.tmp. MIGRATION: nothing in them is replayed and new rebinds are refused. Inspect them, then call clear_journal_fence(actor=..., reason=...) -- it archives the old journal byte-for-byte, moves old fence files aside and starts a new v5 journal -- and re-issue each rebind still wanted with rebind_plan_owner() -- journal unhealthy, rebinds refused until an operator inspects it and calls clear_journal_fence()
Rebind journal /tmp/hive-astra-7718/20261008-astra-7718/reset-cases/markers-15-before-OSError.jsonl line 4: unterminated (torn) last line
Rebind journal /tmp/hive-astra-7718/20261008-astra-7718/reset-cases/markers-15-before-OSError.jsonl is FENCED (corrupt): line 4: unterminated (torn) last line; no journaled rebind is replayed -- journal unhealthy, rebinds refused until an operator inspects it and calls clear_journal_fence()
Rebind journal /tmp/hive-astra-7718/20261008-astra-7718/reset-cases/markers-15-before-OSError.jsonl is FENCED (legacy): pre-v5 rebind journal artifact(s) present: /tmp/hive-astra-7718/20261008-astra-7718/reset-cases/markers-15-before-OSError.jsonl.fence; /tmp/hive-astra-7718/20261008-astra-7718/reset-cases/markers-15-before-OSError.jsonl.fence.tmp. MIGRATION: nothing in them is replayed and new rebinds are refused. Inspect them, then call clear_journal_fence(actor=..., reason=...) -- it archives the old journal byte-for-byte, moves old fence files aside and starts a new v5 journal -- and re-issue each rebind still wanted with rebind_plan_owner() -- journal unhealthy, rebinds refused until an operator inspects it and calls clear_journal_fence()
Rebind journal /tmp/hive-astra-7718/20261008-astra-7718/reset-cases/markers-15-before-OSError.jsonl is FENCED (legacy): pre-v5 rebind journal artifact(s) present: /tmp/hive-astra-7718/20261008-astra-7718/reset-cases/markers-15-before-OSError.jsonl.fence; /tmp/hive-astra-7718/20261008-astra-7718/reset-cases/markers-15-before-OSError.jsonl.fence.tmp. MIGRATION: nothing in them is replayed and new rebinds are refused. Inspect them, then call clear_journal_fence(actor=..., reason=...) -- it archives the old journal byte-for-byte, moves old fence files aside and starts a new v5 journal -- and re-issue each rebind still wanted with rebind_plan_owner() -- journal unhealthy, rebinds refused until an operator inspects it and calls clear_journal_fence()
Rebind journal /tmp/hive-astra-7718/20261008-astra-7718/reset-cases/markers-15-before-OSError.jsonl is FENCED (legacy): pre-v5 rebind journal artifact(s) present: /tmp/hive-astra-7718/20261008-astra-7718/reset-cases/markers-15-before-OSError.jsonl.fence; /tmp/hive-astra-7718/20261008-astra-7718/reset-cases/markers-15-before-OSError.jsonl.fence.tmp. MIGRATION: nothing in them is replayed and new rebinds are refused. Inspect them, then call clear_journal_fence(actor=..., reason=...) -- it archives the old journal byte-for-byte, moves old fence files aside and starts a new v5 journal -- and re-issue each rebind still wanted with rebind_plan_owner() -- journal unhealthy, rebinds refused until an operator inspects it and calls clear_journal_fence()
Rebind journal /tmp/hive-astra-7718/20261008-astra-7718/reset-cases/markers-15-after-Crash.jsonl line 4: unterminated (torn) last line
Rebind journal /tmp/hive-astra-7718/20261008-astra-7718/reset-cases/markers-15-after-Crash.jsonl is FENCED (corrupt): line 4: unterminated (torn) last line; no journaled rebind is replayed -- journal unhealthy, rebinds refused until an operator inspects it and calls clear_journal_fence()
Rebind journal /tmp/hive-astra-7718/20261008-astra-7718/reset-cases/markers-15-after-Crash.jsonl is FENCED (legacy): pre-v5 rebind journal artifact(s) present: /tmp/hive-astra-7718/20261008-astra-7718/reset-cases/markers-15-after-Crash.jsonl.fence; /tmp/hive-astra-7718/20261008-astra-7718/reset-cases/markers-15-after-Crash.jsonl.fence.tmp. MIGRATION: nothing in them is replayed and new rebinds are refused. Inspect them, then call clear_journal_fence(actor=..., reason=...) -- it archives the old journal byte-for-byte, moves old fence files aside and starts a new v5 journal -- and re-issue each rebind still wanted with rebind_plan_owner() -- journal unhealthy, rebinds refused until an operator inspects it and calls clear_journal_fence()
Rebind journal /tmp/hive-astra-7718/20261008-astra-7718/reset-cases/markers-15-after-Crash.jsonl is FENCED (legacy): pre-v5 rebind journal artifact(s) present: /tmp/hive-astra-7718/20261008-astra-7718/reset-cases/markers-15-after-Crash.jsonl.fence; /tmp/hive-astra-7718/20261008-astra-7718/reset-cases/markers-15-after-Crash.jsonl.fence.tmp. MIGRATION: nothing in them is replayed and new rebinds are refused. Inspect them, then call clear_journal_fence(actor=..., reason=...) -- it archives the old journal byte-for-byte, moves old fence files aside and starts a new v5 journal -- and re-issue each rebind still wanted with rebind_plan_owner() -- journal unhealthy, rebinds refused until an operator inspects it and calls clear_journal_fence()
Rebind journal /tmp/hive-astra-7718/20261008-astra-7718/reset-cases/markers-15-after-Crash.jsonl is FENCED (legacy): pre-v5 rebind journal artifact(s) present: /tmp/hive-astra-7718/20261008-astra-7718/reset-cases/markers-15-after-Crash.jsonl.fence; /tmp/hive-astra-7718/20261008-astra-7718/reset-cases/markers-15-after-Crash.jsonl.fence.tmp. MIGRATION: nothing in them is replayed and new rebinds are refused. Inspect them, then call clear_journal_fence(actor=..., reason=...) -- it archives the old journal byte-for-byte, moves old fence files aside and starts a new v5 journal -- and re-issue each rebind still wanted with rebind_plan_owner() -- journal unhealthy, rebinds refused until an operator inspects it and calls clear_journal_fence()
Rebind journal /tmp/hive-astra-7718/20261008-astra-7718/reset-cases/markers-15-after-OSError.jsonl line 4: unterminated (torn) last line
Rebind journal /tmp/hive-astra-7718/20261008-astra-7718/reset-cases/markers-15-after-OSError.jsonl is FENCED (corrupt): line 4: unterminated (torn) last line; no journaled rebind is replayed -- journal unhealthy, rebinds refused until an operator inspects it and calls clear_journal_fence()
Rebind journal /tmp/hive-astra-7718/20261008-astra-7718/reset-cases/markers-15-after-OSError.jsonl is FENCED (legacy): pre-v5 rebind journal artifact(s) present: /tmp/hive-astra-7718/20261008-astra-7718/reset-cases/markers-15-after-OSError.jsonl.fence; /tmp/hive-astra-7718/20261008-astra-7718/reset-cases/markers-15-after-OSError.jsonl.fence.tmp. MIGRATION: nothing in them is replayed and new rebinds are refused. Inspect them, then call clear_journal_fence(actor=..., reason=...) -- it archives the old journal byte-for-byte, moves old fence files aside and starts a new v5 journal -- and re-issue each rebind still wanted with rebind_plan_owner() -- journal unhealthy, rebinds refused until an operator inspects it and calls clear_journal_fence()
Rebind journal /tmp/hive-astra-7718/20261008-astra-7718/reset-cases/markers-15-after-OSError.jsonl is FENCED (legacy): pre-v5 rebind journal artifact(s) present: /tmp/hive-astra-7718/20261008-astra-7718/reset-cases/markers-15-after-OSError.jsonl.fence; /tmp/hive-astra-7718/20261008-astra-7718/reset-cases/markers-15-after-OSError.jsonl.fence.tmp. MIGRATION: nothing in them is replayed and new rebinds are refused. Inspect them, then call clear_journal_fence(actor=..., reason=...) -- it archives the old journal byte-for-byte, moves old fence files aside and starts a new v5 journal -- and re-issue each rebind still wanted with rebind_plan_owner() -- journal unhealthy, rebinds refused until an operator inspects it and calls clear_journal_fence()
Rebind journal /tmp/hive-astra-7718/20261008-astra-7718/reset-cases/markers-15-after-OSError.jsonl is FENCED (legacy): pre-v5 rebind journal artifact(s) present: /tmp/hive-astra-7718/20261008-astra-7718/reset-cases/markers-15-after-OSError.jsonl.fence; /tmp/hive-astra-7718/20261008-astra-7718/reset-cases/markers-15-after-OSError.jsonl.fence.tmp. MIGRATION: nothing in them is replayed and new rebinds are refused. Inspect them, then call clear_journal_fence(actor=..., reason=...) -- it archives the old journal byte-for-byte, moves old fence files aside and starts a new v5 journal -- and re-issue each rebind still wanted with rebind_plan_owner() -- journal unhealthy, rebinds refused until an operator inspects it and calls clear_journal_fence()
Rebind journal /tmp/hive-astra-7718/20261008-astra-7718/reset-cases/markers-16-before-Crash.jsonl line 4: unterminated (torn) last line
Rebind journal /tmp/hive-astra-7718/20261008-astra-7718/reset-cases/markers-16-before-Crash.jsonl is FENCED (corrupt): line 4: unterminated (torn) last line; no journaled rebind is replayed -- journal unhealthy, rebinds refused until an operator inspects it and calls clear_journal_fence()
Rebind journal /tmp/hive-astra-7718/20261008-astra-7718/reset-cases/markers-16-before-Crash.jsonl is FENCED (legacy): pre-v5 rebind journal artifact(s) present: /tmp/hive-astra-7718/20261008-astra-7718/reset-cases/markers-16-before-Crash.jsonl.fence; /tmp/hive-astra-7718/20261008-astra-7718/reset-cases/markers-16-before-Crash.jsonl.fence.tmp. MIGRATION: nothing in them is replayed and new rebinds are refused. Inspect them, then call clear_journal_fence(actor=..., reason=...) -- it archives the old journal byte-for-byte, moves old fence files aside and starts a new v5 journal -- and re-issue each rebind still wanted with rebind_plan_owner() -- journal unhealthy, rebinds refused until an operator inspects it and calls clear_journal_fence()
Rebind journal /tmp/hive-astra-7718/20261008-astra-7718/reset-cases/markers-16-before-Crash.jsonl is FENCED (legacy): pre-v5 rebind journal artifact(s) present: /tmp/hive-astra-7718/20261008-astra-7718/reset-cases/markers-16-before-Crash.jsonl.fence; /tmp/hive-astra-7718/20261008-astra-7718/reset-cases/markers-16-before-Crash.jsonl.fence.tmp. MIGRATION: nothing in them is replayed and new rebinds are refused. Inspect them, then call clear_journal_fence(actor=..., reason=...) -- it archives the old journal byte-for-byte, moves old fence files aside and starts a new v5 journal -- and re-issue each rebind still wanted with rebind_plan_owner() -- journal unhealthy, rebinds refused until an operator inspects it and calls clear_journal_fence()
Rebind journal /tmp/hive-astra-7718/20261008-astra-7718/reset-cases/markers-16-before-Crash.jsonl is FENCED (legacy): pre-v5 rebind journal artifact(s) present: /tmp/hive-astra-7718/20261008-astra-7718/reset-cases/markers-16-before-Crash.jsonl.fence; /tmp/hive-astra-7718/20261008-astra-7718/reset-cases/markers-16-before-Crash.jsonl.fence.tmp. MIGRATION: nothing in them is replayed and new rebinds are refused. Inspect them, then call clear_journal_fence(actor=..., reason=...) -- it archives the old journal byte-for-byte, moves old fence files aside and starts a new v5 journal -- and re-issue each rebind still wanted with rebind_plan_owner() -- journal unhealthy, rebinds refused until an operator inspects it and calls clear_journal_fence()
Rebind journal /tmp/hive-astra-7718/20261008-astra-7718/reset-cases/markers-16-before-OSError.jsonl line 4: unterminated (torn) last line
Rebind journal /tmp/hive-astra-7718/20261008-astra-7718/reset-cases/markers-16-before-OSError.jsonl is FENCED (corrupt): line 4: unterminated (torn) last line; no journaled rebind is replayed -- journal unhealthy, rebinds refused until an operator inspects it and calls clear_journal_fence()
Rebind journal /tmp/hive-astra-7718/20261008-astra-7718/reset-cases/markers-16-before-OSError.jsonl is FENCED (legacy): pre-v5 rebind journal artifact(s) present: /tmp/hive-astra-7718/20261008-astra-7718/reset-cases/markers-16-before-OSError.jsonl.fence; /tmp/hive-astra-7718/20261008-astra-7718/reset-cases/markers-16-before-OSError.jsonl.fence.tmp. MIGRATION: nothing in them is replayed and new rebinds are refused. Inspect them, then call clear_journal_fence(actor=..., reason=...) -- it archives the old journal byte-for-byte, moves old fence files aside and starts a new v5 journal -- and re-issue each rebind still wanted with rebind_plan_owner() -- journal unhealthy, rebinds refused until an operator inspects it and calls clear_journal_fence()
Rebind journal /tmp/hive-astra-7718/20261008-astra-7718/reset-cases/markers-16-before-OSError.jsonl is FENCED (legacy): pre-v5 rebind journal artifact(s) present: /tmp/hive-astra-7718/20261008-astra-7718/reset-cases/markers-16-before-OSError.jsonl.fence; /tmp/hive-astra-7718/20261008-astra-7718/reset-cases/markers-16-before-OSError.jsonl.fence.tmp. MIGRATION: nothing in them is replayed and new rebinds are refused. Inspect them, then call clear_journal_fence(actor=..., reason=...) -- it archives the old journal byte-for-byte, moves old fence files aside and starts a new v5 journal -- and re-issue each rebind still wanted with rebind_plan_owner() -- journal unhealthy, rebinds refused until an operator inspects it and calls clear_journal_fence()
Rebind journal /tmp/hive-astra-7718/20261008-astra-7718/reset-cases/markers-16-before-OSError.jsonl is FENCED (legacy): pre-v5 rebind journal artifact(s) present: /tmp/hive-astra-7718/20261008-astra-7718/reset-cases/markers-16-before-OSError.jsonl.fence; /tmp/hive-astra-7718/20261008-astra-7718/reset-cases/markers-16-before-OSError.jsonl.fence.tmp. MIGRATION: nothing in them is replayed and new rebinds are refused. Inspect them, then call clear_journal_fence(actor=..., reason=...) -- it archives the old journal byte-for-byte, moves old fence files aside and starts a new v5 journal -- and re-issue each rebind still wanted with rebind_plan_owner() -- journal unhealthy, rebinds refused until an operator inspects it and calls clear_journal_fence()
Rebind journal /tmp/hive-astra-7718/20261008-astra-7718/reset-cases/markers-16-after-Crash.jsonl line 4: unterminated (torn) last line
Rebind journal /tmp/hive-astra-7718/20261008-astra-7718/reset-cases/markers-16-after-Crash.jsonl is FENCED (corrupt): line 4: unterminated (torn) last line; no journaled rebind is replayed -- journal unhealthy, rebinds refused until an operator inspects it and calls clear_journal_fence()
Rebind journal /tmp/hive-astra-7718/20261008-astra-7718/reset-cases/markers-16-after-Crash.jsonl is FENCED (legacy): pre-v5 rebind journal artifact(s) present: /tmp/hive-astra-7718/20261008-astra-7718/reset-cases/markers-16-after-Crash.jsonl.fence; /tmp/hive-astra-7718/20261008-astra-7718/reset-cases/markers-16-after-Crash.jsonl.fence.tmp. MIGRATION: nothing in them is replayed and new rebinds are refused. Inspect them, then call clear_journal_fence(actor=..., reason=...) -- it archives the old journal byte-for-byte, moves old fence files aside and starts a new v5 journal -- and re-issue each rebind still wanted with rebind_plan_owner() -- journal unhealthy, rebinds refused until an operator inspects it and calls clear_journal_fence()
Rebind journal /tmp/hive-astra-7718/20261008-astra-7718/reset-cases/markers-16-after-Crash.jsonl is FENCED (legacy): pre-v5 rebind journal artifact(s) present: /tmp/hive-astra-7718/20261008-astra-7718/reset-cases/markers-16-after-Crash.jsonl.fence; /tmp/hive-astra-7718/20261008-astra-7718/reset-cases/markers-16-after-Crash.jsonl.fence.tmp. MIGRATION: nothing in them is replayed and new rebinds are refused. Inspect them, then call clear_journal_fence(actor=..., reason=...) -- it archives the old journal byte-for-byte, moves old fence files aside and starts a new v5 journal -- and re-issue each rebind still wanted with rebind_plan_owner() -- journal unhealthy, rebinds refused until an operator inspects it and calls clear_journal_fence()
Rebind journal /tmp/hive-astra-7718/20261008-astra-7718/reset-cases/markers-16-after-Crash.jsonl is FENCED (legacy): pre-v5 rebind journal artifact(s) present: /tmp/hive-astra-7718/20261008-astra-7718/reset-cases/markers-16-after-Crash.jsonl.fence; /tmp/hive-astra-7718/20261008-astra-7718/reset-cases/markers-16-after-Crash.jsonl.fence.tmp. MIGRATION: nothing in them is replayed and new rebinds are refused. Inspect them, then call clear_journal_fence(actor=..., reason=...) -- it archives the old journal byte-for-byte, moves old fence files aside and starts a new v5 journal -- and re-issue each rebind still wanted with rebind_plan_owner() -- journal unhealthy, rebinds refused until an operator inspects it and calls clear_journal_fence()
Rebind journal /tmp/hive-astra-7718/20261008-astra-7718/reset-cases/markers-16-after-OSError.jsonl line 4: unterminated (torn) last line
Rebind journal /tmp/hive-astra-7718/20261008-astra-7718/reset-cases/markers-16-after-OSError.jsonl is FENCED (corrupt): line 4: unterminated (torn) last line; no journaled rebind is replayed -- journal unhealthy, rebinds refused until an operator inspects it and calls clear_journal_fence()
Rebind journal /tmp/hive-astra-7718/20261008-astra-7718/reset-cases/markers-16-after-OSError.jsonl is FENCED (legacy): pre-v5 rebind journal artifact(s) present: /tmp/hive-astra-7718/20261008-astra-7718/reset-cases/markers-16-after-OSError.jsonl.fence; /tmp/hive-astra-7718/20261008-astra-7718/reset-cases/markers-16-after-OSError.jsonl.fence.tmp. MIGRATION: nothing in them is replayed and new rebinds are refused. Inspect them, then call clear_journal_fence(actor=..., reason=...) -- it archives the old journal byte-for-byte, moves old fence files aside and starts a new v5 journal -- and re-issue each rebind still wanted with rebind_plan_owner() -- journal unhealthy, rebinds refused until an operator inspects it and calls clear_journal_fence()
Rebind journal /tmp/hive-astra-7718/20261008-astra-7718/reset-cases/markers-16-after-OSError.jsonl is FENCED (legacy): pre-v5 rebind journal artifact(s) present: /tmp/hive-astra-7718/20261008-astra-7718/reset-cases/markers-16-after-OSError.jsonl.fence; /tmp/hive-astra-7718/20261008-astra-7718/reset-cases/markers-16-after-OSError.jsonl.fence.tmp. MIGRATION: nothing in them is replayed and new rebinds are refused. Inspect them, then call clear_journal_fence(actor=..., reason=...) -- it archives the old journal byte-for-byte, moves old fence files aside and starts a new v5 journal -- and re-issue each rebind still wanted with rebind_plan_owner() -- journal unhealthy, rebinds refused until an operator inspects it and calls clear_journal_fence()
Rebind journal /tmp/hive-astra-7718/20261008-astra-7718/reset-cases/markers-16-after-OSError.jsonl is FENCED (legacy): pre-v5 rebind journal artifact(s) present: /tmp/hive-astra-7718/20261008-astra-7718/reset-cases/markers-16-after-OSError.jsonl.fence; /tmp/hive-astra-7718/20261008-astra-7718/reset-cases/markers-16-after-OSError.jsonl.fence.tmp. MIGRATION: nothing in them is replayed and new rebinds are refused. Inspect them, then call clear_journal_fence(actor=..., reason=...) -- it archives the old journal byte-for-byte, moves old fence files aside and starts a new v5 journal -- and re-issue each rebind still wanted with rebind_plan_owner() -- journal unhealthy, rebinds refused until an operator inspects it and calls clear_journal_fence()
Rebind journal /tmp/hive-astra-7718/20261008-astra-7718/reset-cases/markers-17-before-Crash.jsonl line 4: unterminated (torn) last line
Rebind journal /tmp/hive-astra-7718/20261008-astra-7718/reset-cases/markers-17-before-Crash.jsonl is FENCED (corrupt): line 4: unterminated (torn) last line; no journaled rebind is replayed -- journal unhealthy, rebinds refused until an operator inspects it and calls clear_journal_fence()
Rebind journal /tmp/hive-astra-7718/20261008-astra-7718/reset-cases/markers-17-before-Crash.jsonl is FENCED (legacy): pre-v5 rebind journal artifact(s) present: /tmp/hive-astra-7718/20261008-astra-7718/reset-cases/markers-17-before-Crash.jsonl.fence; /tmp/hive-astra-7718/20261008-astra-7718/reset-cases/markers-17-before-Crash.jsonl.fence.tmp. MIGRATION: nothing in them is replayed and new rebinds are refused. Inspect them, then call clear_journal_fence(actor=..., reason=...) -- it archives the old journal byte-for-byte, moves old fence files aside and starts a new v5 journal -- and re-issue each rebind still wanted with rebind_plan_owner() -- journal unhealthy, rebinds refused until an operator inspects it and calls clear_journal_fence()
Rebind journal /tmp/hive-astra-7718/20261008-astra-7718/reset-cases/markers-17-before-Crash.jsonl is FENCED (legacy): pre-v5 rebind journal artifact(s) present: /tmp/hive-astra-7718/20261008-astra-7718/reset-cases/markers-17-before-Crash.jsonl.fence; /tmp/hive-astra-7718/20261008-astra-7718/reset-cases/markers-17-before-Crash.jsonl.fence.tmp. MIGRATION: nothing in them is replayed and new rebinds are refused. Inspect them, then call clear_journal_fence(actor=..., reason=...) -- it archives the old journal byte-for-byte, moves old fence files aside and starts a new v5 journal -- and re-issue each rebind still wanted with rebind_plan_owner() -- journal unhealthy, rebinds refused until an operator inspects it and calls clear_journal_fence()
Rebind journal /tmp/hive-astra-7718/20261008-astra-7718/reset-cases/markers-17-before-Crash.jsonl is FENCED (legacy): pre-v5 rebind journal artifact(s) present: /tmp/hive-astra-7718/20261008-astra-7718/reset-cases/markers-17-before-Crash.jsonl.fence; /tmp/hive-astra-7718/20261008-astra-7718/reset-cases/markers-17-before-Crash.jsonl.fence.tmp. MIGRATION: nothing in them is replayed and new rebinds are refused. Inspect them, then call clear_journal_fence(actor=..., reason=...) -- it archives the old journal byte-for-byte, moves old fence files aside and starts a new v5 journal -- and re-issue each rebind still wanted with rebind_plan_owner() -- journal unhealthy, rebinds refused until an operator inspects it and calls clear_journal_fence()
Rebind journal /tmp/hive-astra-7718/20261008-astra-7718/reset-cases/markers-17-before-OSError.jsonl line 4: unterminated (torn) last line
Rebind journal /tmp/hive-astra-7718/20261008-astra-7718/reset-cases/markers-17-before-OSError.jsonl is FENCED (corrupt): line 4: unterminated (torn) last line; no journaled rebind is replayed -- journal unhealthy, rebinds refused until an operator inspects it and calls clear_journal_fence()
Rebind journal /tmp/hive-astra-7718/20261008-astra-7718/reset-cases/markers-17-before-OSError.jsonl is FENCED (legacy): pre-v5 rebind journal artifact(s) present: /tmp/hive-astra-7718/20261008-astra-7718/reset-cases/markers-17-before-OSError.jsonl.fence; /tmp/hive-astra-7718/20261008-astra-7718/reset-cases/markers-17-before-OSError.jsonl.fence.tmp. MIGRATION: nothing in them is replayed and new rebinds are refused. Inspect them, then call clear_journal_fence(actor=..., reason=...) -- it archives the old journal byte-for-byte, moves old fence files aside and starts a new v5 journal -- and re-issue each rebind still wanted with rebind_plan_owner() -- journal unhealthy, rebinds refused until an operator inspects it and calls clear_journal_fence()
Rebind journal /tmp/hive-astra-7718/20261008-astra-7718/reset-cases/markers-17-before-OSError.jsonl is FENCED (legacy): pre-v5 rebind journal artifact(s) present: /tmp/hive-astra-7718/20261008-astra-7718/reset-cases/markers-17-before-OSError.jsonl.fence; /tmp/hive-astra-7718/20261008-astra-7718/reset-cases/markers-17-before-OSError.jsonl.fence.tmp. MIGRATION: nothing in them is replayed and new rebinds are refused. Inspect them, then call clear_journal_fence(actor=..., reason=...) -- it archives the old journal byte-for-byte, moves old fence files aside and starts a new v5 journal -- and re-issue each rebind still wanted with rebind_plan_owner() -- journal unhealthy, rebinds refused until an operator inspects it and calls clear_journal_fence()
Rebind journal /tmp/hive-astra-7718/20261008-astra-7718/reset-cases/markers-17-before-OSError.jsonl is FENCED (legacy): pre-v5 rebind journal artifact(s) present: /tmp/hive-astra-7718/20261008-astra-7718/reset-cases/markers-17-before-OSError.jsonl.fence; /tmp/hive-astra-7718/20261008-astra-7718/reset-cases/markers-17-before-OSError.jsonl.fence.tmp. MIGRATION: nothing in them is replayed and new rebinds are refused. Inspect them, then call clear_journal_fence(actor=..., reason=...) -- it archives the old journal byte-for-byte, moves old fence files aside and starts a new v5 journal -- and re-issue each rebind still wanted with rebind_plan_owner() -- journal unhealthy, rebinds refused until an operator inspects it and calls clear_journal_fence()
Rebind journal /tmp/hive-astra-7718/20261008-astra-7718/reset-cases/markers-17-after-Crash.jsonl line 4: unterminated (torn) last line
Rebind journal /tmp/hive-astra-7718/20261008-astra-7718/reset-cases/markers-17-after-Crash.jsonl is FENCED (corrupt): line 4: unterminated (torn) last line; no journaled rebind is replayed -- journal unhealthy, rebinds refused until an operator inspects it and calls clear_journal_fence()
Rebind journal /tmp/hive-astra-7718/20261008-astra-7718/reset-cases/markers-17-after-Crash.jsonl is FENCED (legacy): pre-v5 rebind journal artifact(s) present: /tmp/hive-astra-7718/20261008-astra-7718/reset-cases/markers-17-after-Crash.jsonl.fence; /tmp/hive-astra-7718/20261008-astra-7718/reset-cases/markers-17-after-Crash.jsonl.fence.tmp. MIGRATION: nothing in them is replayed and new rebinds are refused. Inspect them, then call clear_journal_fence(actor=..., reason=...) -- it archives the old journal byte-for-byte, moves old fence files aside and starts a new v5 journal -- and re-issue each rebind still wanted with rebind_plan_owner() -- journal unhealthy, rebinds refused until an operator inspects it and calls clear_journal_fence()
Rebind journal /tmp/hive-astra-7718/20261008-astra-7718/reset-cases/markers-17-after-Crash.jsonl is FENCED (legacy): pre-v5 rebind journal artifact(s) present: /tmp/hive-astra-7718/20261008-astra-7718/reset-cases/markers-17-after-Crash.jsonl.fence; /tmp/hive-astra-7718/20261008-astra-7718/reset-cases/markers-17-after-Crash.jsonl.fence.tmp. MIGRATION: nothing in them is replayed and new rebinds are refused. Inspect them, then call clear_journal_fence(actor=..., reason=...) -- it archives the old journal byte-for-byte, moves old fence files aside and starts a new v5 journal -- and re-issue each rebind still wanted with rebind_plan_owner() -- journal unhealthy, rebinds refused until an operator inspects it and calls clear_journal_fence()
Rebind journal /tmp/hive-astra-7718/20261008-astra-7718/reset-cases/markers-17-after-Crash.jsonl is FENCED (legacy): pre-v5 rebind journal artifact(s) present: /tmp/hive-astra-7718/20261008-astra-7718/reset-cases/markers-17-after-Crash.jsonl.fence; /tmp/hive-astra-7718/20261008-astra-7718/reset-cases/markers-17-after-Crash.jsonl.fence.tmp. MIGRATION: nothing in them is replayed and new rebinds are refused. Inspect them, then call clear_journal_fence(actor=..., reason=...) -- it archives the old journal byte-for-byte, moves old fence files aside and starts a new v5 journal -- and re-issue each rebind still wanted with rebind_plan_owner() -- journal unhealthy, rebinds refused until an operator inspects it and calls clear_journal_fence()
Rebind journal /tmp/hive-astra-7718/20261008-astra-7718/reset-cases/markers-17-after-OSError.jsonl line 4: unterminated (torn) last line
Rebind journal /tmp/hive-astra-7718/20261008-astra-7718/reset-cases/markers-17-after-OSError.jsonl is FENCED (corrupt): line 4: unterminated (torn) last line; no journaled rebind is replayed -- journal unhealthy, rebinds refused until an operator inspects it and calls clear_journal_fence()
Rebind journal /tmp/hive-astra-7718/20261008-astra-7718/reset-cases/markers-17-after-OSError.jsonl is FENCED (legacy): pre-v5 rebind journal artifact(s) present: /tmp/hive-astra-7718/20261008-astra-7718/reset-cases/markers-17-after-OSError.jsonl.fence; /tmp/hive-astra-7718/20261008-astra-7718/reset-cases/markers-17-after-OSError.jsonl.fence.tmp. MIGRATION: nothing in them is replayed and new rebinds are refused. Inspect them, then call clear_journal_fence(actor=..., reason=...) -- it archives the old journal byte-for-byte, moves old fence files aside and starts a new v5 journal -- and re-issue each rebind still wanted with rebind_plan_owner() -- journal unhealthy, rebinds refused until an operator inspects it and calls clear_journal_fence()
Rebind journal /tmp/hive-astra-7718/20261008-astra-7718/reset-cases/markers-17-after-OSError.jsonl is FENCED (legacy): pre-v5 rebind journal artifact(s) present: /tmp/hive-astra-7718/20261008-astra-7718/reset-cases/markers-17-after-OSError.jsonl.fence; /tmp/hive-astra-7718/20261008-astra-7718/reset-cases/markers-17-after-OSError.jsonl.fence.tmp. MIGRATION: nothing in them is replayed and new rebinds are refused. Inspect them, then call clear_journal_fence(actor=..., reason=...) -- it archives the old journal byte-for-byte, moves old fence files aside and starts a new v5 journal -- and re-issue each rebind still wanted with rebind_plan_owner() -- journal unhealthy, rebinds refused until an operator inspects it and calls clear_journal_fence()
Rebind journal /tmp/hive-astra-7718/20261008-astra-7718/reset-cases/markers-17-after-OSError.jsonl is FENCED (legacy): pre-v5 rebind journal artifact(s) present: /tmp/hive-astra-7718/20261008-astra-7718/reset-cases/markers-17-after-OSError.jsonl.fence; /tmp/hive-astra-7718/20261008-astra-7718/reset-cases/markers-17-after-OSError.jsonl.fence.tmp. MIGRATION: nothing in them is replayed and new rebinds are refused. Inspect them, then call clear_journal_fence(actor=..., reason=...) -- it archives the old journal byte-for-byte, moves old fence files aside and starts a new v5 journal -- and re-issue each rebind still wanted with rebind_plan_owner() -- journal unhealthy, rebinds refused until an operator inspects it and calls clear_journal_fence()
Rebind journal /tmp/hive-astra-7718/20261008-astra-7718/reset-cases/markers-18-before-Crash.jsonl line 4: unterminated (torn) last line
Rebind journal /tmp/hive-astra-7718/20261008-astra-7718/reset-cases/markers-18-before-Crash.jsonl is FENCED (corrupt): line 4: unterminated (torn) last line; no journaled rebind is replayed -- journal unhealthy, rebinds refused until an operator inspects it and calls clear_journal_fence()
Rebind journal /tmp/hive-astra-7718/20261008-astra-7718/reset-cases/markers-18-before-Crash.jsonl is FENCED (legacy): pre-v5 rebind journal artifact(s) present: /tmp/hive-astra-7718/20261008-astra-7718/reset-cases/markers-18-before-Crash.jsonl.fence; /tmp/hive-astra-7718/20261008-astra-7718/reset-cases/markers-18-before-Crash.jsonl.fence.tmp. MIGRATION: nothing in them is replayed and new rebinds are refused. Inspect them, then call clear_journal_fence(actor=..., reason=...) -- it archives the old journal byte-for-byte, moves old fence files aside and starts a new v5 journal -- and re-issue each rebind still wanted with rebind_plan_owner() -- journal unhealthy, rebinds refused until an operator inspects it and calls clear_journal_fence()
Rebind journal /tmp/hive-astra-7718/20261008-astra-7718/reset-cases/markers-18-before-Crash.jsonl is FENCED (legacy): pre-v5 rebind journal artifact(s) present: /tmp/hive-astra-7718/20261008-astra-7718/reset-cases/markers-18-before-Crash.jsonl.fence; /tmp/hive-astra-7718/20261008-astra-7718/reset-cases/markers-18-before-Crash.jsonl.fence.tmp. MIGRATION: nothing in them is replayed and new rebinds are refused. Inspect them, then call clear_journal_fence(actor=..., reason=...) -- it archives the old journal byte-for-byte, moves old fence files aside and starts a new v5 journal -- and re-issue each rebind still wanted with rebind_plan_owner() -- journal unhealthy, rebinds refused until an operator inspects it and calls clear_journal_fence()
Rebind journal /tmp/hive-astra-7718/20261008-astra-7718/reset-cases/markers-18-before-Crash.jsonl is FENCED (legacy): pre-v5 rebind journal artifact(s) present: /tmp/hive-astra-7718/20261008-astra-7718/reset-cases/markers-18-before-Crash.jsonl.fence; /tmp/hive-astra-7718/20261008-astra-7718/reset-cases/markers-18-before-Crash.jsonl.fence.tmp. MIGRATION: nothing in them is replayed and new rebinds are refused. Inspect them, then call clear_journal_fence(actor=..., reason=...) -- it archives the old journal byte-for-byte, moves old fence files aside and starts a new v5 journal -- and re-issue each rebind still wanted with rebind_plan_owner() -- journal unhealthy, rebinds refused until an operator inspects it and calls clear_journal_fence()
Rebind journal /tmp/hive-astra-7718/20261008-astra-7718/reset-cases/markers-18-before-OSError.jsonl line 4: unterminated (torn) last line
Rebind journal /tmp/hive-astra-7718/20261008-astra-7718/reset-cases/markers-18-before-OSError.jsonl is FENCED (corrupt): line 4: unterminated (torn) last line; no journaled rebind is replayed -- journal unhealthy, rebinds refused until an operator inspects it and calls clear_journal_fence()
Rebind journal /tmp/hive-astra-7718/20261008-astra-7718/reset-cases/markers-18-before-OSError.jsonl is FENCED (legacy): pre-v5 rebind journal artifact(s) present: /tmp/hive-astra-7718/20261008-astra-7718/reset-cases/markers-18-before-OSError.jsonl.fence; /tmp/hive-astra-7718/20261008-astra-7718/reset-cases/markers-18-before-OSError.jsonl.fence.tmp. MIGRATION: nothing in them is replayed and new rebinds are refused. Inspect them, then call clear_journal_fence(actor=..., reason=...) -- it archives the old journal byte-for-byte, moves old fence files aside and starts a new v5 journal -- and re-issue each rebind still wanted with rebind_plan_owner() -- journal unhealthy, rebinds refused until an operator inspects it and calls clear_journal_fence()
Rebind journal /tmp/hive-astra-7718/20261008-astra-7718/reset-cases/markers-18-before-OSError.jsonl is FENCED (legacy): pre-v5 rebind journal artifact(s) present: /tmp/hive-astra-7718/20261008-astra-7718/reset-cases/markers-18-before-OSError.jsonl.fence; /tmp/hive-astra-7718/20261008-astra-7718/reset-cases/markers-18-before-OSError.jsonl.fence.tmp. MIGRATION: nothing in them is replayed and new rebinds are refused. Inspect them, then call clear_journal_fence(actor=..., reason=...) -- it archives the old journal byte-for-byte, moves old fence files aside and starts a new v5 journal -- and re-issue each rebind still wanted with rebind_plan_owner() -- journal unhealthy, rebinds refused until an operator inspects it and calls clear_journal_fence()
Rebind journal /tmp/hive-astra-7718/20261008-astra-7718/reset-cases/markers-18-before-OSError.jsonl is FENCED (legacy): pre-v5 rebind journal artifact(s) present: /tmp/hive-astra-7718/20261008-astra-7718/reset-cases/markers-18-before-OSError.jsonl.fence; /tmp/hive-astra-7718/20261008-astra-7718/reset-cases/markers-18-before-OSError.jsonl.fence.tmp. MIGRATION: nothing in them is replayed and new rebinds are refused. Inspect them, then call clear_journal_fence(actor=..., reason=...) -- it archives the old journal byte-for-byte, moves old fence files aside and starts a new v5 journal -- and re-issue each rebind still wanted with rebind_plan_owner() -- journal unhealthy, rebinds refused until an operator inspects it and calls clear_journal_fence()
Rebind journal /tmp/hive-astra-7718/20261008-astra-7718/reset-cases/markers-18-after-Crash.jsonl line 4: unterminated (torn) last line
Rebind journal /tmp/hive-astra-7718/20261008-astra-7718/reset-cases/markers-18-after-Crash.jsonl is FENCED (corrupt): line 4: unterminated (torn) last line; no journaled rebind is replayed -- journal unhealthy, rebinds refused until an operator inspects it and calls clear_journal_fence()
Rebind journal /tmp/hive-astra-7718/20261008-astra-7718/reset-cases/markers-18-after-Crash.jsonl is FENCED (legacy): pre-v5 rebind journal artifact(s) present: /tmp/hive-astra-7718/20261008-astra-7718/reset-cases/markers-18-after-Crash.jsonl.fence; /tmp/hive-astra-7718/20261008-astra-7718/reset-cases/markers-18-after-Crash.jsonl.fence.tmp. MIGRATION: nothing in them is replayed and new rebinds are refused. Inspect them, then call clear_journal_fence(actor=..., reason=...) -- it archives the old journal byte-for-byte, moves old fence files aside and starts a new v5 journal -- and re-issue each rebind still wanted with rebind_plan_owner() -- journal unhealthy, rebinds refused until an operator inspects it and calls clear_journal_fence()
Rebind journal /tmp/hive-astra-7718/20261008-astra-7718/reset-cases/markers-18-after-Crash.jsonl is FENCED (legacy): pre-v5 rebind journal artifact(s) present: /tmp/hive-astra-7718/20261008-astra-7718/reset-cases/markers-18-after-Crash.jsonl.fence; /tmp/hive-astra-7718/20261008-astra-7718/reset-cases/markers-18-after-Crash.jsonl.fence.tmp. MIGRATION: nothing in them is replayed and new rebinds are refused. Inspect them, then call clear_journal_fence(actor=..., reason=...) -- it archives the old journal byte-for-byte, moves old fence files aside and starts a new v5 journal -- and re-issue each rebind still wanted with rebind_plan_owner() -- journal unhealthy, rebinds refused until an operator inspects it and calls clear_journal_fence()
Rebind journal /tmp/hive-astra-7718/20261008-astra-7718/reset-cases/markers-18-after-Crash.jsonl is FENCED (legacy): pre-v5 rebind journal artifact(s) present: /tmp/hive-astra-7718/20261008-astra-7718/reset-cases/markers-18-after-Crash.jsonl.fence; /tmp/hive-astra-7718/20261008-astra-7718/reset-cases/markers-18-after-Crash.jsonl.fence.tmp. MIGRATION: nothing in them is replayed and new rebinds are refused. Inspect them, then call clear_journal_fence(actor=..., reason=...) -- it archives the old journal byte-for-byte, moves old fence files aside and starts a new v5 journal -- and re-issue each rebind still wanted with rebind_plan_owner() -- journal unhealthy, rebinds refused until an operator inspects it and calls clear_journal_fence()
Rebind journal /tmp/hive-astra-7718/20261008-astra-7718/reset-cases/markers-18-after-OSError.jsonl line 4: unterminated (torn) last line
Rebind journal /tmp/hive-astra-7718/20261008-astra-7718/reset-cases/markers-18-after-OSError.jsonl is FENCED (corrupt): line 4: unterminated (torn) last line; no journaled rebind is replayed -- journal unhealthy, rebinds refused until an operator inspects it and calls clear_journal_fence()
Rebind journal /tmp/hive-astra-7718/20261008-astra-7718/reset-cases/markers-18-after-OSError.jsonl is FENCED (legacy): pre-v5 rebind journal artifact(s) present: /tmp/hive-astra-7718/20261008-astra-7718/reset-cases/markers-18-after-OSError.jsonl.fence; /tmp/hive-astra-7718/20261008-astra-7718/reset-cases/markers-18-after-OSError.jsonl.fence.tmp. MIGRATION: nothing in them is replayed and new rebinds are refused. Inspect them, then call clear_journal_fence(actor=..., reason=...) -- it archives the old journal byte-for-byte, moves old fence files aside and starts a new v5 journal -- and re-issue each rebind still wanted with rebind_plan_owner() -- journal unhealthy, rebinds refused until an operator inspects it and calls clear_journal_fence()
Rebind journal /tmp/hive-astra-7718/20261008-astra-7718/reset-cases/markers-18-after-OSError.jsonl is FENCED (legacy): pre-v5 rebind journal artifact(s) present: /tmp/hive-astra-7718/20261008-astra-7718/reset-cases/markers-18-after-OSError.jsonl.fence; /tmp/hive-astra-7718/20261008-astra-7718/reset-cases/markers-18-after-OSError.jsonl.fence.tmp. MIGRATION: nothing in them is replayed and new rebinds are refused. Inspect them, then call clear_journal_fence(actor=..., reason=...) -- it archives the old journal byte-for-byte, moves old fence files aside and starts a new v5 journal -- and re-issue each rebind still wanted with rebind_plan_owner() -- journal unhealthy, rebinds refused until an operator inspects it and calls clear_journal_fence()
Rebind journal /tmp/hive-astra-7718/20261008-astra-7718/reset-cases/markers-18-after-OSError.jsonl is FENCED (legacy): pre-v5 rebind journal artifact(s) present: /tmp/hive-astra-7718/20261008-astra-7718/reset-cases/markers-18-after-OSError.jsonl.fence; /tmp/hive-astra-7718/20261008-astra-7718/reset-cases/markers-18-after-OSError.jsonl.fence.tmp. MIGRATION: nothing in them is replayed and new rebinds are refused. Inspect them, then call clear_journal_fence(actor=..., reason=...) -- it archives the old journal byte-for-byte, moves old fence files aside and starts a new v5 journal -- and re-issue each rebind still wanted with rebind_plan_owner() -- journal unhealthy, rebinds refused until an operator inspects it and calls clear_journal_fence()
Rebind journal /tmp/hive-astra-7718/20261008-astra-7718/reset-cases/markers-19-before-Crash.jsonl line 4: unterminated (torn) last line
Rebind journal /tmp/hive-astra-7718/20261008-astra-7718/reset-cases/markers-19-before-Crash.jsonl is FENCED (corrupt): line 4: unterminated (torn) last line; no journaled rebind is replayed -- journal unhealthy, rebinds refused until an operator inspects it and calls clear_journal_fence()
Rebind journal /tmp/hive-astra-7718/20261008-astra-7718/reset-cases/markers-19-before-Crash.jsonl is FENCED (legacy): pre-v5 rebind journal artifact(s) present: /tmp/hive-astra-7718/20261008-astra-7718/reset-cases/markers-19-before-Crash.jsonl.fence; /tmp/hive-astra-7718/20261008-astra-7718/reset-cases/markers-19-before-Crash.jsonl.fence.tmp. MIGRATION: nothing in them is replayed and new rebinds are refused. Inspect them, then call clear_journal_fence(actor=..., reason=...) -- it archives the old journal byte-for-byte, moves old fence files aside and starts a new v5 journal -- and re-issue each rebind still wanted with rebind_plan_owner() -- journal unhealthy, rebinds refused until an operator inspects it and calls clear_journal_fence()
Rebind journal /tmp/hive-astra-7718/20261008-astra-7718/reset-cases/markers-19-before-Crash.jsonl is FENCED (legacy): pre-v5 rebind journal artifact(s) present: /tmp/hive-astra-7718/20261008-astra-7718/reset-cases/markers-19-before-Crash.jsonl.fence; /tmp/hive-astra-7718/20261008-astra-7718/reset-cases/markers-19-before-Crash.jsonl.fence.tmp. MIGRATION: nothing in them is replayed and new rebinds are refused. Inspect them, then call clear_journal_fence(actor=..., reason=...) -- it archives the old journal byte-for-byte, moves old fence files aside and starts a new v5 journal -- and re-issue each rebind still wanted with rebind_plan_owner() -- journal unhealthy, rebinds refused until an operator inspects it and calls clear_journal_fence()
Rebind journal /tmp/hive-astra-7718/20261008-astra-7718/reset-cases/markers-19-before-Crash.jsonl is FENCED (legacy): pre-v5 rebind journal artifact(s) present: /tmp/hive-astra-7718/20261008-astra-7718/reset-cases/markers-19-before-Crash.jsonl.fence; /tmp/hive-astra-7718/20261008-astra-7718/reset-cases/markers-19-before-Crash.jsonl.fence.tmp. MIGRATION: nothing in them is replayed and new rebinds are refused. Inspect them, then call clear_journal_fence(actor=..., reason=...) -- it archives the old journal byte-for-byte, moves old fence files aside and starts a new v5 journal -- and re-issue each rebind still wanted with rebind_plan_owner() -- journal unhealthy, rebinds refused until an operator inspects it and calls clear_journal_fence()
Rebind journal /tmp/hive-astra-7718/20261008-astra-7718/reset-cases/markers-19-before-OSError.jsonl line 4: unterminated (torn) last line
Rebind journal /tmp/hive-astra-7718/20261008-astra-7718/reset-cases/markers-19-before-OSError.jsonl is FENCED (corrupt): line 4: unterminated (torn) last line; no journaled rebind is replayed -- journal unhealthy, rebinds refused until an operator inspects it and calls clear_journal_fence()
Rebind journal /tmp/hive-astra-7718/20261008-astra-7718/reset-cases/markers-19-before-OSError.jsonl is FENCED (legacy): pre-v5 rebind journal artifact(s) present: /tmp/hive-astra-7718/20261008-astra-7718/reset-cases/markers-19-before-OSError.jsonl.fence; /tmp/hive-astra-7718/20261008-astra-7718/reset-cases/markers-19-before-OSError.jsonl.fence.tmp. MIGRATION: nothing in them is replayed and new rebinds are refused. Inspect them, then call clear_journal_fence(actor=..., reason=...) -- it archives the old journal byte-for-byte, moves old fence files aside and starts a new v5 journal -- and re-issue each rebind still wanted with rebind_plan_owner() -- journal unhealthy, rebinds refused until an operator inspects it and calls clear_journal_fence()
Rebind journal /tmp/hive-astra-7718/20261008-astra-7718/reset-cases/markers-19-before-OSError.jsonl is FENCED (legacy): pre-v5 rebind journal artifact(s) present: /tmp/hive-astra-7718/20261008-astra-7718/reset-cases/markers-19-before-OSError.jsonl.fence; /tmp/hive-astra-7718/20261008-astra-7718/reset-cases/markers-19-before-OSError.jsonl.fence.tmp. MIGRATION: nothing in them is replayed and new rebinds are refused. Inspect them, then call clear_journal_fence(actor=..., reason=...) -- it archives the old journal byte-for-byte, moves old fence files aside and starts a new v5 journal -- and re-issue each rebind still wanted with rebind_plan_owner() -- journal unhealthy, rebinds refused until an operator inspects it and calls clear_journal_fence()
Rebind journal /tmp/hive-astra-7718/20261008-astra-7718/reset-cases/markers-19-before-OSError.jsonl is FENCED (legacy): pre-v5 rebind journal artifact(s) present: /tmp/hive-astra-7718/20261008-astra-7718/reset-cases/markers-19-before-OSError.jsonl.fence; /tmp/hive-astra-7718/20261008-astra-7718/reset-cases/markers-19-before-OSError.jsonl.fence.tmp. MIGRATION: nothing in them is replayed and new rebinds are refused. Inspect them, then call clear_journal_fence(actor=..., reason=...) -- it archives the old journal byte-for-byte, moves old fence files aside and starts a new v5 journal -- and re-issue each rebind still wanted with rebind_plan_owner() -- journal unhealthy, rebinds refused until an operator inspects it and calls clear_journal_fence()
Rebind journal /tmp/hive-astra-7718/20261008-astra-7718/reset-cases/markers-19-after-Crash.jsonl line 4: unterminated (torn) last line
Rebind journal /tmp/hive-astra-7718/20261008-astra-7718/reset-cases/markers-19-after-Crash.jsonl is FENCED (corrupt): line 4: unterminated (torn) last line; no journaled rebind is replayed -- journal unhealthy, rebinds refused until an operator inspects it and calls clear_journal_fence()
Rebind journal /tmp/hive-astra-7718/20261008-astra-7718/reset-cases/markers-19-after-Crash.jsonl is FENCED (legacy): pre-v5 rebind journal artifact(s) present: /tmp/hive-astra-7718/20261008-astra-7718/reset-cases/markers-19-after-Crash.jsonl.fence; /tmp/hive-astra-7718/20261008-astra-7718/reset-cases/markers-19-after-Crash.jsonl.fence.tmp. MIGRATION: nothing in them is replayed and new rebinds are refused. Inspect them, then call clear_journal_fence(actor=..., reason=...) -- it archives the old journal byte-for-byte, moves old fence files aside and starts a new v5 journal -- and re-issue each rebind still wanted with rebind_plan_owner() -- journal unhealthy, rebinds refused until an operator inspects it and calls clear_journal_fence()
Rebind journal /tmp/hive-astra-7718/20261008-astra-7718/reset-cases/markers-19-after-Crash.jsonl is FENCED (legacy): pre-v5 rebind journal artifact(s) present: /tmp/hive-astra-7718/20261008-astra-7718/reset-cases/markers-19-after-Crash.jsonl.fence; /tmp/hive-astra-7718/20261008-astra-7718/reset-cases/markers-19-after-Crash.jsonl.fence.tmp. MIGRATION: nothing in them is replayed and new rebinds are refused. Inspect them, then call clear_journal_fence(actor=..., reason=...) -- it archives the old journal byte-for-byte, moves old fence files aside and starts a new v5 journal -- and re-issue each rebind still wanted with rebind_plan_owner() -- journal unhealthy, rebinds refused until an operator inspects it and calls clear_journal_fence()
Rebind journal /tmp/hive-astra-7718/20261008-astra-7718/reset-cases/markers-19-after-Crash.jsonl is FENCED (legacy): pre-v5 rebind journal artifact(s) present: /tmp/hive-astra-7718/20261008-astra-7718/reset-cases/markers-19-after-Crash.jsonl.fence; /tmp/hive-astra-7718/20261008-astra-7718/reset-cases/markers-19-after-Crash.jsonl.fence.tmp. MIGRATION: nothing in them is replayed and new rebinds are refused. Inspect them, then call clear_journal_fence(actor=..., reason=...) -- it archives the old journal byte-for-byte, moves old fence files aside and starts a new v5 journal -- and re-issue each rebind still wanted with rebind_plan_owner() -- journal unhealthy, rebinds refused until an operator inspects it and calls clear_journal_fence()
Rebind journal /tmp/hive-astra-7718/20261008-astra-7718/reset-cases/markers-19-after-OSError.jsonl line 4: unterminated (torn) last line
Rebind journal /tmp/hive-astra-7718/20261008-astra-7718/reset-cases/markers-19-after-OSError.jsonl is FENCED (corrupt): line 4: unterminated (torn) last line; no journaled rebind is replayed -- journal unhealthy, rebinds refused until an operator inspects it and calls clear_journal_fence()
Rebind journal /tmp/hive-astra-7718/20261008-astra-7718/reset-cases/markers-19-after-OSError.jsonl is FENCED (legacy): pre-v5 rebind journal artifact(s) present: /tmp/hive-astra-7718/20261008-astra-7718/reset-cases/markers-19-after-OSError.jsonl.fence; /tmp/hive-astra-7718/20261008-astra-7718/reset-cases/markers-19-after-OSError.jsonl.fence.tmp. MIGRATION: nothing in them is replayed and new rebinds are refused. Inspect them, then call clear_journal_fence(actor=..., reason=...) -- it archives the old journal byte-for-byte, moves old fence files aside and starts a new v5 journal -- and re-issue each rebind still wanted with rebind_plan_owner() -- journal unhealthy, rebinds refused until an operator inspects it and calls clear_journal_fence()
Rebind journal /tmp/hive-astra-7718/20261008-astra-7718/reset-cases/markers-19-after-OSError.jsonl is FENCED (legacy): pre-v5 rebind journal artifact(s) present: /tmp/hive-astra-7718/20261008-astra-7718/reset-cases/markers-19-after-OSError.jsonl.fence; /tmp/hive-astra-7718/20261008-astra-7718/reset-cases/markers-19-after-OSError.jsonl.fence.tmp. MIGRATION: nothing in them is replayed and new rebinds are refused. Inspect them, then call clear_journal_fence(actor=..., reason=...) -- it archives the old journal byte-for-byte, moves old fence files aside and starts a new v5 journal -- and re-issue each rebind still wanted with rebind_plan_owner() -- journal unhealthy, rebinds refused until an operator inspects it and calls clear_journal_fence()
Rebind journal /tmp/hive-astra-7718/20261008-astra-7718/reset-cases/markers-19-after-OSError.jsonl is FENCED (legacy): pre-v5 rebind journal artifact(s) present: /tmp/hive-astra-7718/20261008-astra-7718/reset-cases/markers-19-after-OSError.jsonl.fence; /tmp/hive-astra-7718/20261008-astra-7718/reset-cases/markers-19-after-OSError.jsonl.fence.tmp. MIGRATION: nothing in them is replayed and new rebinds are refused. Inspect them, then call clear_journal_fence(actor=..., reason=...) -- it archives the old journal byte-for-byte, moves old fence files aside and starts a new v5 journal -- and re-issue each rebind still wanted with rebind_plan_owner() -- journal unhealthy, rebinds refused until an operator inspects it and calls clear_journal_fence()
Rebind journal /tmp/hive-astra-7718/20261008-astra-7718/reset-cases/markers-20-before-Crash.jsonl line 4: unterminated (torn) last line
Rebind journal /tmp/hive-astra-7718/20261008-astra-7718/reset-cases/markers-20-before-Crash.jsonl is FENCED (corrupt): line 4: unterminated (torn) last line; no journaled rebind is replayed -- journal unhealthy, rebinds refused until an operator inspects it and calls clear_journal_fence()
Rebind journal /tmp/hive-astra-7718/20261008-astra-7718/reset-cases/markers-20-before-Crash.jsonl is FENCED (legacy): pre-v5 rebind journal artifact(s) present: /tmp/hive-astra-7718/20261008-astra-7718/reset-cases/markers-20-before-Crash.jsonl.fence; /tmp/hive-astra-7718/20261008-astra-7718/reset-cases/markers-20-before-Crash.jsonl.fence.tmp. MIGRATION: nothing in them is replayed and new rebinds are refused. Inspect them, then call clear_journal_fence(actor=..., reason=...) -- it archives the old journal byte-for-byte, moves old fence files aside and starts a new v5 journal -- and re-issue each rebind still wanted with rebind_plan_owner() -- journal unhealthy, rebinds refused until an operator inspects it and calls clear_journal_fence()
Rebind journal /tmp/hive-astra-7718/20261008-astra-7718/reset-cases/markers-20-before-Crash.jsonl is FENCED (legacy): pre-v5 rebind journal artifact(s) present: /tmp/hive-astra-7718/20261008-astra-7718/reset-cases/markers-20-before-Crash.jsonl.fence; /tmp/hive-astra-7718/20261008-astra-7718/reset-cases/markers-20-before-Crash.jsonl.fence.tmp. MIGRATION: nothing in them is replayed and new rebinds are refused. Inspect them, then call clear_journal_fence(actor=..., reason=...) -- it archives the old journal byte-for-byte, moves old fence files aside and starts a new v5 journal -- and re-issue each rebind still wanted with rebind_plan_owner() -- journal unhealthy, rebinds refused until an operator inspects it and calls clear_journal_fence()
Rebind journal /tmp/hive-astra-7718/20261008-astra-7718/reset-cases/markers-20-before-Crash.jsonl is FENCED (legacy): pre-v5 rebind journal artifact(s) present: /tmp/hive-astra-7718/20261008-astra-7718/reset-cases/markers-20-before-Crash.jsonl.fence; /tmp/hive-astra-7718/20261008-astra-7718/reset-cases/markers-20-before-Crash.jsonl.fence.tmp. MIGRATION: nothing in them is replayed and new rebinds are refused. Inspect them, then call clear_journal_fence(actor=..., reason=...) -- it archives the old journal byte-for-byte, moves old fence files aside and starts a new v5 journal -- and re-issue each rebind still wanted with rebind_plan_owner() -- journal unhealthy, rebinds refused until an operator inspects it and calls clear_journal_fence()
Rebind journal /tmp/hive-astra-7718/20261008-astra-7718/reset-cases/markers-20-before-OSError.jsonl line 4: unterminated (torn) last line
Rebind journal /tmp/hive-astra-7718/20261008-astra-7718/reset-cases/markers-20-before-OSError.jsonl is FENCED (corrupt): line 4: unterminated (torn) last line; no journaled rebind is replayed -- journal unhealthy, rebinds refused until an operator inspects it and calls clear_journal_fence()
Rebind journal /tmp/hive-astra-7718/20261008-astra-7718/reset-cases/markers-20-before-OSError.jsonl is FENCED (legacy): pre-v5 rebind journal artifact(s) present: /tmp/hive-astra-7718/20261008-astra-7718/reset-cases/markers-20-before-OSError.jsonl.fence; /tmp/hive-astra-7718/20261008-astra-7718/reset-cases/markers-20-before-OSError.jsonl.fence.tmp. MIGRATION: nothing in them is replayed and new rebinds are refused. Inspect them, then call clear_journal_fence(actor=..., reason=...) -- it archives the old journal byte-for-byte, moves old fence files aside and starts a new v5 journal -- and re-issue each rebind still wanted with rebind_plan_owner() -- journal unhealthy, rebinds refused until an operator inspects it and calls clear_journal_fence()
Rebind journal /tmp/hive-astra-7718/20261008-astra-7718/reset-cases/markers-20-before-OSError.jsonl is FENCED (legacy): pre-v5 rebind journal artifact(s) present: /tmp/hive-astra-7718/20261008-astra-7718/reset-cases/markers-20-before-OSError.jsonl.fence; /tmp/hive-astra-7718/20261008-astra-7718/reset-cases/markers-20-before-OSError.jsonl.fence.tmp. MIGRATION: nothing in them is replayed and new rebinds are refused. Inspect them, then call clear_journal_fence(actor=..., reason=...) -- it archives the old journal byte-for-byte, moves old fence files aside and starts a new v5 journal -- and re-issue each rebind still wanted with rebind_plan_owner() -- journal unhealthy, rebinds refused until an operator inspects it and calls clear_journal_fence()
Rebind journal /tmp/hive-astra-7718/20261008-astra-7718/reset-cases/markers-20-before-OSError.jsonl is FENCED (legacy): pre-v5 rebind journal artifact(s) present: /tmp/hive-astra-7718/20261008-astra-7718/reset-cases/markers-20-before-OSError.jsonl.fence; /tmp/hive-astra-7718/20261008-astra-7718/reset-cases/markers-20-before-OSError.jsonl.fence.tmp. MIGRATION: nothing in them is replayed and new rebinds are refused. Inspect them, then call clear_journal_fence(actor=..., reason=...) -- it archives the old journal byte-for-byte, moves old fence files aside and starts a new v5 journal -- and re-issue each rebind still wanted with rebind_plan_owner() -- journal unhealthy, rebinds refused until an operator inspects it and calls clear_journal_fence()
Rebind journal /tmp/hive-astra-7718/20261008-astra-7718/reset-cases/markers-20-after-Crash.jsonl line 4: unterminated (torn) last line
Rebind journal /tmp/hive-astra-7718/20261008-astra-7718/reset-cases/markers-20-after-Crash.jsonl is FENCED (corrupt): line 4: unterminated (torn) last line; no journaled rebind is replayed -- journal unhealthy, rebinds refused until an operator inspects it and calls clear_journal_fence()
Rebind journal /tmp/hive-astra-7718/20261008-astra-7718/reset-cases/markers-20-after-Crash.jsonl is FENCED (legacy): pre-v5 rebind journal artifact(s) present: /tmp/hive-astra-7718/20261008-astra-7718/reset-cases/markers-20-after-Crash.jsonl.fence; /tmp/hive-astra-7718/20261008-astra-7718/reset-cases/markers-20-after-Crash.jsonl.fence.tmp. MIGRATION: nothing in them is replayed and new rebinds are refused. Inspect them, then call clear_journal_fence(actor=..., reason=...) -- it archives the old journal byte-for-byte, moves old fence files aside and starts a new v5 journal -- and re-issue each rebind still wanted with rebind_plan_owner() -- journal unhealthy, rebinds refused until an operator inspects it and calls clear_journal_fence()
Rebind journal /tmp/hive-astra-7718/20261008-astra-7718/reset-cases/markers-20-after-Crash.jsonl is FENCED (legacy): pre-v5 rebind journal artifact(s) present: /tmp/hive-astra-7718/20261008-astra-7718/reset-cases/markers-20-after-Crash.jsonl.fence.tmp. MIGRATION: nothing in them is replayed and new rebinds are refused. Inspect them, then call clear_journal_fence(actor=..., reason=...) -- it archives the old journal byte-for-byte, moves old fence files aside and starts a new v5 journal -- and re-issue each rebind still wanted with rebind_plan_owner() -- journal unhealthy, rebinds refused until an operator inspects it and calls clear_journal_fence()
Rebind journal /tmp/hive-astra-7718/20261008-astra-7718/reset-cases/markers-20-after-Crash.jsonl is FENCED (legacy): pre-v5 rebind journal artifact(s) present: /tmp/hive-astra-7718/20261008-astra-7718/reset-cases/markers-20-after-Crash.jsonl.fence.tmp. MIGRATION: nothing in them is replayed and new rebinds are refused. Inspect them, then call clear_journal_fence(actor=..., reason=...) -- it archives the old journal byte-for-byte, moves old fence files aside and starts a new v5 journal -- and re-issue each rebind still wanted with rebind_plan_owner() -- journal unhealthy, rebinds refused until an operator inspects it and calls clear_journal_fence()
Rebind journal /tmp/hive-astra-7718/20261008-astra-7718/reset-cases/markers-20-after-OSError.jsonl line 4: unterminated (torn) last line
Rebind journal /tmp/hive-astra-7718/20261008-astra-7718/reset-cases/markers-20-after-OSError.jsonl is FENCED (corrupt): line 4: unterminated (torn) last line; no journaled rebind is replayed -- journal unhealthy, rebinds refused until an operator inspects it and calls clear_journal_fence()
Rebind journal /tmp/hive-astra-7718/20261008-astra-7718/reset-cases/markers-20-after-OSError.jsonl is FENCED (legacy): pre-v5 rebind journal artifact(s) present: /tmp/hive-astra-7718/20261008-astra-7718/reset-cases/markers-20-after-OSError.jsonl.fence; /tmp/hive-astra-7718/20261008-astra-7718/reset-cases/markers-20-after-OSError.jsonl.fence.tmp. MIGRATION: nothing in them is replayed and new rebinds are refused. Inspect them, then call clear_journal_fence(actor=..., reason=...) -- it archives the old journal byte-for-byte, moves old fence files aside and starts a new v5 journal -- and re-issue each rebind still wanted with rebind_plan_owner() -- journal unhealthy, rebinds refused until an operator inspects it and calls clear_journal_fence()
Rebind journal /tmp/hive-astra-7718/20261008-astra-7718/reset-cases/markers-20-after-OSError.jsonl is FENCED (legacy): pre-v5 rebind journal artifact(s) present: /tmp/hive-astra-7718/20261008-astra-7718/reset-cases/markers-20-after-OSError.jsonl.fence.tmp. MIGRATION: nothing in them is replayed and new rebinds are refused. Inspect them, then call clear_journal_fence(actor=..., reason=...) -- it archives the old journal byte-for-byte, moves old fence files aside and starts a new v5 journal -- and re-issue each rebind still wanted with rebind_plan_owner() -- journal unhealthy, rebinds refused until an operator inspects it and calls clear_journal_fence()
Rebind journal /tmp/hive-astra-7718/20261008-astra-7718/reset-cases/markers-20-after-OSError.jsonl is FENCED (legacy): pre-v5 rebind journal artifact(s) present: /tmp/hive-astra-7718/20261008-astra-7718/reset-cases/markers-20-after-OSError.jsonl.fence.tmp. MIGRATION: nothing in them is replayed and new rebinds are refused. Inspect them, then call clear_journal_fence(actor=..., reason=...) -- it archives the old journal byte-for-byte, moves old fence files aside and starts a new v5 journal -- and re-issue each rebind still wanted with rebind_plan_owner() -- journal unhealthy, rebinds refused until an operator inspects it and calls clear_journal_fence()
Rebind journal /tmp/hive-astra-7718/20261008-astra-7718/reset-cases/markers-21-before-Crash.jsonl line 4: unterminated (torn) last line
Rebind journal /tmp/hive-astra-7718/20261008-astra-7718/reset-cases/markers-21-before-Crash.jsonl is FENCED (corrupt): line 4: unterminated (torn) last line; no journaled rebind is replayed -- journal unhealthy, rebinds refused until an operator inspects it and calls clear_journal_fence()
Rebind journal /tmp/hive-astra-7718/20261008-astra-7718/reset-cases/markers-21-before-Crash.jsonl is FENCED (legacy): pre-v5 rebind journal artifact(s) present: /tmp/hive-astra-7718/20261008-astra-7718/reset-cases/markers-21-before-Crash.jsonl.fence; /tmp/hive-astra-7718/20261008-astra-7718/reset-cases/markers-21-before-Crash.jsonl.fence.tmp. MIGRATION: nothing in them is replayed and new rebinds are refused. Inspect them, then call clear_journal_fence(actor=..., reason=...) -- it archives the old journal byte-for-byte, moves old fence files aside and starts a new v5 journal -- and re-issue each rebind still wanted with rebind_plan_owner() -- journal unhealthy, rebinds refused until an operator inspects it and calls clear_journal_fence()
Rebind journal /tmp/hive-astra-7718/20261008-astra-7718/reset-cases/markers-21-before-Crash.jsonl is FENCED (legacy): pre-v5 rebind journal artifact(s) present: /tmp/hive-astra-7718/20261008-astra-7718/reset-cases/markers-21-before-Crash.jsonl.fence.tmp. MIGRATION: nothing in them is replayed and new rebinds are refused. Inspect them, then call clear_journal_fence(actor=..., reason=...) -- it archives the old journal byte-for-byte, moves old fence files aside and starts a new v5 journal -- and re-issue each rebind still wanted with rebind_plan_owner() -- journal unhealthy, rebinds refused until an operator inspects it and calls clear_journal_fence()
Rebind journal /tmp/hive-astra-7718/20261008-astra-7718/reset-cases/markers-21-before-Crash.jsonl is FENCED (legacy): pre-v5 rebind journal artifact(s) present: /tmp/hive-astra-7718/20261008-astra-7718/reset-cases/markers-21-before-Crash.jsonl.fence.tmp. MIGRATION: nothing in them is replayed and new rebinds are refused. Inspect them, then call clear_journal_fence(actor=..., reason=...) -- it archives the old journal byte-for-byte, moves old fence files aside and starts a new v5 journal -- and re-issue each rebind still wanted with rebind_plan_owner() -- journal unhealthy, rebinds refused until an operator inspects it and calls clear_journal_fence()
Rebind journal /tmp/hive-astra-7718/20261008-astra-7718/reset-cases/markers-21-before-OSError.jsonl line 4: unterminated (torn) last line
Rebind journal /tmp/hive-astra-7718/20261008-astra-7718/reset-cases/markers-21-before-OSError.jsonl is FENCED (corrupt): line 4: unterminated (torn) last line; no journaled rebind is replayed -- journal unhealthy, rebinds refused until an operator inspects it and calls clear_journal_fence()
Rebind journal /tmp/hive-astra-7718/20261008-astra-7718/reset-cases/markers-21-before-OSError.jsonl is FENCED (legacy): pre-v5 rebind journal artifact(s) present: /tmp/hive-astra-7718/20261008-astra-7718/reset-cases/markers-21-before-OSError.jsonl.fence; /tmp/hive-astra-7718/20261008-astra-7718/reset-cases/markers-21-before-OSError.jsonl.fence.tmp. MIGRATION: nothing in them is replayed and new rebinds are refused. Inspect them, then call clear_journal_fence(actor=..., reason=...) -- it archives the old journal byte-for-byte, moves old fence files aside and starts a new v5 journal -- and re-issue each rebind still wanted with rebind_plan_owner() -- journal unhealthy, rebinds refused until an operator inspects it and calls clear_journal_fence()
Rebind journal /tmp/hive-astra-7718/20261008-astra-7718/reset-cases/markers-21-before-OSError.jsonl is FENCED (legacy): pre-v5 rebind journal artifact(s) present: /tmp/hive-astra-7718/20261008-astra-7718/reset-cases/markers-21-before-OSError.jsonl.fence.tmp. MIGRATION: nothing in them is replayed and new rebinds are refused. Inspect them, then call clear_journal_fence(actor=..., reason=...) -- it archives the old journal byte-for-byte, moves old fence files aside and starts a new v5 journal -- and re-issue each rebind still wanted with rebind_plan_owner() -- journal unhealthy, rebinds refused until an operator inspects it and calls clear_journal_fence()
Rebind journal /tmp/hive-astra-7718/20261008-astra-7718/reset-cases/markers-21-before-OSError.jsonl is FENCED (legacy): pre-v5 rebind journal artifact(s) present: /tmp/hive-astra-7718/20261008-astra-7718/reset-cases/markers-21-before-OSError.jsonl.fence.tmp. MIGRATION: nothing in them is replayed and new rebinds are refused. Inspect them, then call clear_journal_fence(actor=..., reason=...) -- it archives the old journal byte-for-byte, moves old fence files aside and starts a new v5 journal -- and re-issue each rebind still wanted with rebind_plan_owner() -- journal unhealthy, rebinds refused until an operator inspects it and calls clear_journal_fence()
Rebind journal /tmp/hive-astra-7718/20261008-astra-7718/reset-cases/markers-21-after-Crash.jsonl line 4: unterminated (torn) last line
Rebind journal /tmp/hive-astra-7718/20261008-astra-7718/reset-cases/markers-21-after-Crash.jsonl is FENCED (corrupt): line 4: unterminated (torn) last line; no journaled rebind is replayed -- journal unhealthy, rebinds refused until an operator inspects it and calls clear_journal_fence()
Rebind journal /tmp/hive-astra-7718/20261008-astra-7718/reset-cases/markers-21-after-Crash.jsonl is FENCED (legacy): pre-v5 rebind journal artifact(s) present: /tmp/hive-astra-7718/20261008-astra-7718/reset-cases/markers-21-after-Crash.jsonl.fence; /tmp/hive-astra-7718/20261008-astra-7718/reset-cases/markers-21-after-Crash.jsonl.fence.tmp. MIGRATION: nothing in them is replayed and new rebinds are refused. Inspect them, then call clear_journal_fence(actor=..., reason=...) -- it archives the old journal byte-for-byte, moves old fence files aside and starts a new v5 journal -- and re-issue each rebind still wanted with rebind_plan_owner() -- journal unhealthy, rebinds refused until an operator inspects it and calls clear_journal_fence()
Rebind journal /tmp/hive-astra-7718/20261008-astra-7718/reset-cases/markers-21-after-Crash.jsonl is FENCED (legacy): pre-v5 rebind journal artifact(s) present: /tmp/hive-astra-7718/20261008-astra-7718/reset-cases/markers-21-after-Crash.jsonl.fence.tmp. MIGRATION: nothing in them is replayed and new rebinds are refused. Inspect them, then call clear_journal_fence(actor=..., reason=...) -- it archives the old journal byte-for-byte, moves old fence files aside and starts a new v5 journal -- and re-issue each rebind still wanted with rebind_plan_owner() -- journal unhealthy, rebinds refused until an operator inspects it and calls clear_journal_fence()
Rebind journal /tmp/hive-astra-7718/20261008-astra-7718/reset-cases/markers-21-after-Crash.jsonl is FENCED (legacy): pre-v5 rebind journal artifact(s) present: /tmp/hive-astra-7718/20261008-astra-7718/reset-cases/markers-21-after-Crash.jsonl.fence.tmp. MIGRATION: nothing in them is replayed and new rebinds are refused. Inspect them, then call clear_journal_fence(actor=..., reason=...) -- it archives the old journal byte-for-byte, moves old fence files aside and starts a new v5 journal -- and re-issue each rebind still wanted with rebind_plan_owner() -- journal unhealthy, rebinds refused until an operator inspects it and calls clear_journal_fence()
Rebind journal /tmp/hive-astra-7718/20261008-astra-7718/reset-cases/markers-21-after-OSError.jsonl line 4: unterminated (torn) last line
Rebind journal /tmp/hive-astra-7718/20261008-astra-7718/reset-cases/markers-21-after-OSError.jsonl is FENCED (corrupt): line 4: unterminated (torn) last line; no journaled rebind is replayed -- journal unhealthy, rebinds refused until an operator inspects it and calls clear_journal_fence()
Rebind journal /tmp/hive-astra-7718/20261008-astra-7718/reset-cases/markers-21-after-OSError.jsonl is FENCED (legacy): pre-v5 rebind journal artifact(s) present: /tmp/hive-astra-7718/20261008-astra-7718/reset-cases/markers-21-after-OSError.jsonl.fence; /tmp/hive-astra-7718/20261008-astra-7718/reset-cases/markers-21-after-OSError.jsonl.fence.tmp. MIGRATION: nothing in them is replayed and new rebinds are refused. Inspect them, then call clear_journal_fence(actor=..., reason=...) -- it archives the old journal byte-for-byte, moves old fence files aside and starts a new v5 journal -- and re-issue each rebind still wanted with rebind_plan_owner() -- journal unhealthy, rebinds refused until an operator inspects it and calls clear_journal_fence()
Rebind journal /tmp/hive-astra-7718/20261008-astra-7718/reset-cases/markers-21-after-OSError.jsonl is FENCED (legacy): pre-v5 rebind journal artifact(s) present: /tmp/hive-astra-7718/20261008-astra-7718/reset-cases/markers-21-after-OSError.jsonl.fence.tmp. MIGRATION: nothing in them is replayed and new rebinds are refused. Inspect them, then call clear_journal_fence(actor=..., reason=...) -- it archives the old journal byte-for-byte, moves old fence files aside and starts a new v5 journal -- and re-issue each rebind still wanted with rebind_plan_owner() -- journal unhealthy, rebinds refused until an operator inspects it and calls clear_journal_fence()
Rebind journal /tmp/hive-astra-7718/20261008-astra-7718/reset-cases/markers-21-after-OSError.jsonl is FENCED (legacy): pre-v5 rebind journal artifact(s) present: /tmp/hive-astra-7718/20261008-astra-7718/reset-cases/markers-21-after-OSError.jsonl.fence.tmp. MIGRATION: nothing in them is replayed and new rebinds are refused. Inspect them, then call clear_journal_fence(actor=..., reason=...) -- it archives the old journal byte-for-byte, moves old fence files aside and starts a new v5 journal -- and re-issue each rebind still wanted with rebind_plan_owner() -- journal unhealthy, rebinds refused until an operator inspects it and calls clear_journal_fence()
Rebind journal /tmp/hive-astra-7718/20261008-astra-7718/reset-cases/markers-22-before-Crash.jsonl line 4: unterminated (torn) last line
Rebind journal /tmp/hive-astra-7718/20261008-astra-7718/reset-cases/markers-22-before-Crash.jsonl is FENCED (corrupt): line 4: unterminated (torn) last line; no journaled rebind is replayed -- journal unhealthy, rebinds refused until an operator inspects it and calls clear_journal_fence()
Rebind journal /tmp/hive-astra-7718/20261008-astra-7718/reset-cases/markers-22-before-Crash.jsonl is FENCED (legacy): pre-v5 rebind journal artifact(s) present: /tmp/hive-astra-7718/20261008-astra-7718/reset-cases/markers-22-before-Crash.jsonl.fence; /tmp/hive-astra-7718/20261008-astra-7718/reset-cases/markers-22-before-Crash.jsonl.fence.tmp. MIGRATION: nothing in them is replayed and new rebinds are refused. Inspect them, then call clear_journal_fence(actor=..., reason=...) -- it archives the old journal byte-for-byte, moves old fence files aside and starts a new v5 journal -- and re-issue each rebind still wanted with rebind_plan_owner() -- journal unhealthy, rebinds refused until an operator inspects it and calls clear_journal_fence()
Rebind journal /tmp/hive-astra-7718/20261008-astra-7718/reset-cases/markers-22-before-Crash.jsonl is FENCED (legacy): pre-v5 rebind journal artifact(s) present: /tmp/hive-astra-7718/20261008-astra-7718/reset-cases/markers-22-before-Crash.jsonl.fence.tmp. MIGRATION: nothing in them is replayed and new rebinds are refused. Inspect them, then call clear_journal_fence(actor=..., reason=...) -- it archives the old journal byte-for-byte, moves old fence files aside and starts a new v5 journal -- and re-issue each rebind still wanted with rebind_plan_owner() -- journal unhealthy, rebinds refused until an operator inspects it and calls clear_journal_fence()
Rebind journal /tmp/hive-astra-7718/20261008-astra-7718/reset-cases/markers-22-before-Crash.jsonl is FENCED (legacy): pre-v5 rebind journal artifact(s) present: /tmp/hive-astra-7718/20261008-astra-7718/reset-cases/markers-22-before-Crash.jsonl.fence.tmp. MIGRATION: nothing in them is replayed and new rebinds are refused. Inspect them, then call clear_journal_fence(actor=..., reason=...) -- it archives the old journal byte-for-byte, moves old fence files aside and starts a new v5 journal -- and re-issue each rebind still wanted with rebind_plan_owner() -- journal unhealthy, rebinds refused until an operator inspects it and calls clear_journal_fence()
Rebind journal /tmp/hive-astra-7718/20261008-astra-7718/reset-cases/markers-22-before-OSError.jsonl line 4: unterminated (torn) last line
Rebind journal /tmp/hive-astra-7718/20261008-astra-7718/reset-cases/markers-22-before-OSError.jsonl is FENCED (corrupt): line 4: unterminated (torn) last line; no journaled rebind is replayed -- journal unhealthy, rebinds refused until an operator inspects it and calls clear_journal_fence()
Rebind journal /tmp/hive-astra-7718/20261008-astra-7718/reset-cases/markers-22-before-OSError.jsonl is FENCED (legacy): pre-v5 rebind journal artifact(s) present: /tmp/hive-astra-7718/20261008-astra-7718/reset-cases/markers-22-before-OSError.jsonl.fence; /tmp/hive-astra-7718/20261008-astra-7718/reset-cases/markers-22-before-OSError.jsonl.fence.tmp. MIGRATION: nothing in them is replayed and new rebinds are refused. Inspect them, then call clear_journal_fence(actor=..., reason=...) -- it archives the old journal byte-for-byte, moves old fence files aside and starts a new v5 journal -- and re-issue each rebind still wanted with rebind_plan_owner() -- journal unhealthy, rebinds refused until an operator inspects it and calls clear_journal_fence()
Rebind journal /tmp/hive-astra-7718/20261008-astra-7718/reset-cases/markers-22-before-OSError.jsonl is FENCED (legacy): pre-v5 rebind journal artifact(s) present: /tmp/hive-astra-7718/20261008-astra-7718/reset-cases/markers-22-before-OSError.jsonl.fence.tmp. MIGRATION: nothing in them is replayed and new rebinds are refused. Inspect them, then call clear_journal_fence(actor=..., reason=...) -- it archives the old journal byte-for-byte, moves old fence files aside and starts a new v5 journal -- and re-issue each rebind still wanted with rebind_plan_owner() -- journal unhealthy, rebinds refused until an operator inspects it and calls clear_journal_fence()
Rebind journal /tmp/hive-astra-7718/20261008-astra-7718/reset-cases/markers-22-before-OSError.jsonl is FENCED (legacy): pre-v5 rebind journal artifact(s) present: /tmp/hive-astra-7718/20261008-astra-7718/reset-cases/markers-22-before-OSError.jsonl.fence.tmp. MIGRATION: nothing in them is replayed and new rebinds are refused. Inspect them, then call clear_journal_fence(actor=..., reason=...) -- it archives the old journal byte-for-byte, moves old fence files aside and starts a new v5 journal -- and re-issue each rebind still wanted with rebind_plan_owner() -- journal unhealthy, rebinds refused until an operator inspects it and calls clear_journal_fence()
Rebind journal /tmp/hive-astra-7718/20261008-astra-7718/reset-cases/markers-22-after-Crash.jsonl line 4: unterminated (torn) last line
Rebind journal /tmp/hive-astra-7718/20261008-astra-7718/reset-cases/markers-22-after-Crash.jsonl is FENCED (corrupt): line 4: unterminated (torn) last line; no journaled rebind is replayed -- journal unhealthy, rebinds refused until an operator inspects it and calls clear_journal_fence()
Rebind journal /tmp/hive-astra-7718/20261008-astra-7718/reset-cases/markers-22-after-Crash.jsonl is FENCED (legacy): pre-v5 rebind journal artifact(s) present: /tmp/hive-astra-7718/20261008-astra-7718/reset-cases/markers-22-after-Crash.jsonl.fence; /tmp/hive-astra-7718/20261008-astra-7718/reset-cases/markers-22-after-Crash.jsonl.fence.tmp. MIGRATION: nothing in them is replayed and new rebinds are refused. Inspect them, then call clear_journal_fence(actor=..., reason=...) -- it archives the old journal byte-for-byte, moves old fence files aside and starts a new v5 journal -- and re-issue each rebind still wanted with rebind_plan_owner() -- journal unhealthy, rebinds refused until an operator inspects it and calls clear_journal_fence()
Rebind journal /tmp/hive-astra-7718/20261008-astra-7718/reset-cases/markers-22-after-OSError.jsonl line 4: unterminated (torn) last line
Rebind journal /tmp/hive-astra-7718/20261008-astra-7718/reset-cases/markers-22-after-OSError.jsonl is FENCED (corrupt): line 4: unterminated (torn) last line; no journaled rebind is replayed -- journal unhealthy, rebinds refused until an operator inspects it and calls clear_journal_fence()
Rebind journal /tmp/hive-astra-7718/20261008-astra-7718/reset-cases/markers-22-after-OSError.jsonl is FENCED (legacy): pre-v5 rebind journal artifact(s) present: /tmp/hive-astra-7718/20261008-astra-7718/reset-cases/markers-22-after-OSError.jsonl.fence; /tmp/hive-astra-7718/20261008-astra-7718/reset-cases/markers-22-after-OSError.jsonl.fence.tmp. MIGRATION: nothing in them is replayed and new rebinds are refused. Inspect them, then call clear_journal_fence(actor=..., reason=...) -- it archives the old journal byte-for-byte, moves old fence files aside and starts a new v5 journal -- and re-issue each rebind still wanted with rebind_plan_owner() -- journal unhealthy, rebinds refused until an operator inspects it and calls clear_journal_fence()
Rebind journal /tmp/hive-astra-7718/20261008-astra-7718/reset-cases/markers-23-before-Crash.jsonl line 4: unterminated (torn) last line
Rebind journal /tmp/hive-astra-7718/20261008-astra-7718/reset-cases/markers-23-before-Crash.jsonl is FENCED (corrupt): line 4: unterminated (torn) last line; no journaled rebind is replayed -- journal unhealthy, rebinds refused until an operator inspects it and calls clear_journal_fence()
Rebind journal /tmp/hive-astra-7718/20261008-astra-7718/reset-cases/markers-23-before-Crash.jsonl is FENCED (legacy): pre-v5 rebind journal artifact(s) present: /tmp/hive-astra-7718/20261008-astra-7718/reset-cases/markers-23-before-Crash.jsonl.fence; /tmp/hive-astra-7718/20261008-astra-7718/reset-cases/markers-23-before-Crash.jsonl.fence.tmp. MIGRATION: nothing in them is replayed and new rebinds are refused. Inspect them, then call clear_journal_fence(actor=..., reason=...) -- it archives the old journal byte-for-byte, moves old fence files aside and starts a new v5 journal -- and re-issue each rebind still wanted with rebind_plan_owner() -- journal unhealthy, rebinds refused until an operator inspects it and calls clear_journal_fence()
Rebind journal /tmp/hive-astra-7718/20261008-astra-7718/reset-cases/markers-23-before-OSError.jsonl line 4: unterminated (torn) last line
Rebind journal /tmp/hive-astra-7718/20261008-astra-7718/reset-cases/markers-23-before-OSError.jsonl is FENCED (corrupt): line 4: unterminated (torn) last line; no journaled rebind is replayed -- journal unhealthy, rebinds refused until an operator inspects it and calls clear_journal_fence()
Rebind journal /tmp/hive-astra-7718/20261008-astra-7718/reset-cases/markers-23-before-OSError.jsonl is FENCED (legacy): pre-v5 rebind journal artifact(s) present: /tmp/hive-astra-7718/20261008-astra-7718/reset-cases/markers-23-before-OSError.jsonl.fence; /tmp/hive-astra-7718/20261008-astra-7718/reset-cases/markers-23-before-OSError.jsonl.fence.tmp. MIGRATION: nothing in them is replayed and new rebinds are refused. Inspect them, then call clear_journal_fence(actor=..., reason=...) -- it archives the old journal byte-for-byte, moves old fence files aside and starts a new v5 journal -- and re-issue each rebind still wanted with rebind_plan_owner() -- journal unhealthy, rebinds refused until an operator inspects it and calls clear_journal_fence()
Rebind journal /tmp/hive-astra-7718/20261008-astra-7718/reset-cases/markers-23-after-Crash.jsonl line 4: unterminated (torn) last line
Rebind journal /tmp/hive-astra-7718/20261008-astra-7718/reset-cases/markers-23-after-Crash.jsonl is FENCED (corrupt): line 4: unterminated (torn) last line; no journaled rebind is replayed -- journal unhealthy, rebinds refused until an operator inspects it and calls clear_journal_fence()
Rebind journal /tmp/hive-astra-7718/20261008-astra-7718/reset-cases/markers-23-after-Crash.jsonl is FENCED (legacy): pre-v5 rebind journal artifact(s) present: /tmp/hive-astra-7718/20261008-astra-7718/reset-cases/markers-23-after-Crash.jsonl.fence; /tmp/hive-astra-7718/20261008-astra-7718/reset-cases/markers-23-after-Crash.jsonl.fence.tmp. MIGRATION: nothing in them is replayed and new rebinds are refused. Inspect them, then call clear_journal_fence(actor=..., reason=...) -- it archives the old journal byte-for-byte, moves old fence files aside and starts a new v5 journal -- and re-issue each rebind still wanted with rebind_plan_owner() -- journal unhealthy, rebinds refused until an operator inspects it and calls clear_journal_fence()
Rebind journal /tmp/hive-astra-7718/20261008-astra-7718/reset-cases/markers-23-after-OSError.jsonl line 4: unterminated (torn) last line
Rebind journal /tmp/hive-astra-7718/20261008-astra-7718/reset-cases/markers-23-after-OSError.jsonl is FENCED (corrupt): line 4: unterminated (torn) last line; no journaled rebind is replayed -- journal unhealthy, rebinds refused until an operator inspects it and calls clear_journal_fence()
Rebind journal /tmp/hive-astra-7718/20261008-astra-7718/reset-cases/markers-23-after-OSError.jsonl is FENCED (legacy): pre-v5 rebind journal artifact(s) present: /tmp/hive-astra-7718/20261008-astra-7718/reset-cases/markers-23-after-OSError.jsonl.fence; /tmp/hive-astra-7718/20261008-astra-7718/reset-cases/markers-23-after-OSError.jsonl.fence.tmp. MIGRATION: nothing in them is replayed and new rebinds are refused. Inspect them, then call clear_journal_fence(actor=..., reason=...) -- it archives the old journal byte-for-byte, moves old fence files aside and starts a new v5 journal -- and re-issue each rebind still wanted with rebind_plan_owner() -- journal unhealthy, rebinds refused until an operator inspects it and calls clear_journal_fence()
Rebind journal /tmp/hive-astra-7718/20261008-astra-7718/reset-cases/live-feed.jsonl line 4: unterminated (torn) last line
Rebind journal /tmp/hive-astra-7718/20261008-astra-7718/reset-cases/live-feed.jsonl is FENCED (corrupt): line 4: unterminated (torn) last line; no journaled rebind is replayed -- journal unhealthy, rebinds refused until an operator inspects it and calls clear_journal_fence()
Rebind journal /tmp/hive-astra-7718/20261008-astra-7718/reset-cases/live-verify_then_clear.jsonl line 4: unterminated (torn) last line
Rebind journal /tmp/hive-astra-7718/20261008-astra-7718/reset-cases/live-verify_then_clear.jsonl is FENCED (corrupt): line 4: unterminated (torn) last line; no journaled rebind is replayed -- journal unhealthy, rebinds refused until an operator inspects it and calls clear_journal_fence()
Rebind journal /tmp/hive-astra-7718/20261008-astra-7718/reset-cases/live-verify_then_clear.jsonl is FENCED (changed): verify_journal: identity anchor names journal ff9bdd7ec2b9433faa691e4684c2d539, not 75941da145184f238c3c2f527eee2725: the journal was replaced -- journal unhealthy, rebinds refused until an operator inspects it and calls clear_journal_fence()
